SHA-256,push,mov,call,sub,jmp,add,cmp,test,lea,pop,FindFirstFile,SearchPathW,SetFilePointer,FindResourceEx,GetFileAttributesW,SetFileAttributesW,SetFilePointerEx,CryptEncrypt,CreateThread,FindResourceExW,family
0ab18ffb7992f9d484a4d90a10946d3ce8792aaec99219500a398983f749003f,76103,101313,29344,4859,12795,33826,13694,18741,11052,19881,1,0,1,0,1,1,0,0,0,0,bengin
0be6bf3a3c71016a3c812689b0b0567d9f54ca490f2eb12a0b2c8abfedf24435,2317,5335,1574,381,674,3228,933,514,681,1479,2,0,21,26,5,0,0,0,0,26,bengin
0c2fee8f51748f02c21cf312b6f8d1107ff385834cc7c8c91f8528ffd895b29e,25822,87411,23903,3535,7163,43742,8779,4333,7105,16319,1,0,0,0,0,0,0,0,0,0,bengin
0c66a082af68c2669a51278de4ebdbc370adf6505297b9ab1185be98e3479df5,76094,115296,46972,5925,12294,7575,20646,13479,21433,16816,1,1,1,1,1,0,0,0,1,1,bengin
0c87b03bb4d89f2e2ab42f4141bff7ac544dbfa824b619b0eba2a095433f3aec,25073,90674,23946,3605,7201,42950,8541,4224,7149,15881,0,0,0,0,0,0,0,0,0,0,bengin
0d3d31bc1258554c0d23e91fc976471c1f301056b882501a948423dcd9b87011,139751,205795,69858,9011,23491,28419,29497,21687,51881,27134,44,48,223,1052,445,23,2,0,38,1051,bengin
0f02a02762f6c72fd757191a91f9f9d9b4948c3753d1733d53c06cfc372661ee,4886,89924,15734,5652,7254,8967,13832,9523,14109,4981,1,0,1,0,1,0,0,0,0,0,bengin
0ffc2668da518902664de347d0b6d74e1e3407f9c6dd3876d0fc62824cb4405c,38761,71261,21158,3317,8707,99465,6678,5932,8993,25592,2,0,1,0,1,0,0,0,1,0,bengin
1b2ffbd80cc48e63356d72ae7481e776b1ae6b84a6429c5206ee0b050f775fb8,10621,169551,46777,12429,10500,15289,13669,17466,30295,12997,0,0,1,0,1,0,0,0,1,0,bengin
1be992ec7fc2c284a59843deb70d2cdad9c8f39f557a4f8503c19a0b716cdd76,24746,41079,16058,2560,5913,4808,7936,5073,9275,7365,37,5,547,607,261,2,2,0,16,607,bengin
1bf7ea4cac4562fe0b70661b55ffec3849aa6fdb82ca0fbd9820dfa51c995d6d,999,15383,3111,1274,1460,1643,2345,2036,2882,1039,2,0,2,0,2,0,2,0,3,0,bengin
01c009cf20cd313e904f800e313a32dce2cd2e7fe8e1a930cb18f4f7519236c5,26734,18232,2819,12169,3808,96492,25893,2954,1370,19632,6,0,0,0,2,0,0,0,0,0,bengin
1c595db1721fe01aaaa5328742bc5d79d592c427d8a5520720b410fd1b524384,86338,214912,9706,61617,17304,280586,64973,30286,11857,68677,0,0,0,0,0,0,0,0,0,0,bengin
1c865b0d03ffb04d9d054149dfed8d236b7f987425f297cddd4883bfd2ae806c,5789,5587,2071,471,877,989,1792,750,1095,1660,1208,6,653,151,1369,63,0,3,78,151,bengin
1d71dee4c6aba33059ce704651e409f7ce01e82fc0d6ab5f2d4f4d10d2553a89,2317,5335,1574,381,674,3228,933,514,681,1479,574,92,841,832,1320,0,3,0,9,832,bengin
1ea49f8a9f79f113578ebdbb1bb55c46e3d0831c525f7e3e1f1de3d134d68643,1505,3599,999,302,535,881,640,270,409,981,53,117,391,1509,443,16,5,0,43,1509,bengin
1f17b66968f61b23e0b41804d6383d8a5700911c60f724809605cebb1a46997c,5409,83586,22011,7233,7680,12707,11174,11622,14545,5870,2,0,2,0,2,2,0,0,2,0,bengin
1f452f31e4981d8e50c0265fa16dc832455d3c822d66c8c9f09330726f941d9a,26728,22753,8429,1649,4240,2076,4803,5852,3909,5794,12,0,444,7,14,3,438,0,10,7,bengin
2bb9417328787760795f6dba689594735338fb3e100d20bb3d3a9ff669a9cd62,13187,163402,47713,15586,19557,14642,6615,15568,28514,13275,0,0,0,0,0,0,0,0,1,0,bengin
2cc3558e7285f84e6ea3fddcc4bb344c4fa3b6c1b506aeba90e7e1be0126c449,22207,37550,14205,2438,5425,4501,7341,4763,8412,6373,38,7,4,660,261,2,2,0,15,660,bengin
2cd76af70ce9c4a0222f5df9b9020ca0522d0ca3adebdb93947892d29d588868,22332,40572,11910,2233,5169,75509,4597,3418,4551,20504,15,0,20,24,4,0,0,0,1,24,bengin
2cf3a0680ccf1d38d48c3ea2987bff15900aebf89960724dd4b018889f51b024,216633,401088,105279,20017,28759,68701,57792,43283,61535,70888,2,0,2,18,24,1,1,0,6,18,bengin
2d7ab7143358dae448794a504ba072ffbdd649dbf6c5eb3871ceebe1bd8d23db,19832,360089,77081,19892,25448,35991,41192,25447,85782,18851,2,0,2,0,1,0,1,0,3,0,bengin
2e33b3e194959b80fec45338b40f8ad0ac1552582ffd2da685ac9a2877b5aaed,26697,22747,8425,1649,4242,2109,4815,5729,3911,5786,27,8,136,144,17,8,128,0,33,144,bengin
2e98ab286f2d2728deade2bfcc91621a2982a206ffeddbb763a9521d3f9d1c00,48271,15827,1272,28150,1100,304897,7031,2521,1322,37089,6,0,0,0,2,0,0,0,0,0,bengin
2e596001e99c6a4b6f3bd93a7b2438621eaf6f657bae3cacf59be7f2e82ad37c,13822,26942,5855,2234,2911,4759,4848,3479,3531,5097,4,0,4,5,2,2,2,0,4,5,bengin
02f7387d71787bf5bd1ac9270f17c78082d6de3eba3d217c510c316a2e8f31a5,4148,81637,22939,5819,6144,10555,8339,9527,18657,4191,4,0,4,0,2,0,2,0,0,0,bengin
03b3a8e2d0395b2dcaf7cd30cb47106ebac678cbcd72e81bb5ee0e618927d3dd,2187,1559,936,96,317,217,576,237,230,243,13,8,17,111,23,7,0,0,5,111,bengin
3bab2bad38553e174508c0ef3f6d385152129064cb00aa3c419e1832dfbd2861,493,11890,2254,689,923,899,1176,1645,2029,493,0,0,0,0,0,0,0,0,2,0,bengin
3ccd157e58c96967cdb13a40131106b25ba16ac38ab1c22351cbcd8f0bc4202b,100571,179698,13559,46297,19944,50825,52509,26939,10562,79826,64,5,34,52,0,0,0,0,5,44,bengin
3ce2da3abd3ff5c3fc5e809580dccc0535f394053985dd6011ed8b9cd168f495,2317,5335,1574,381,674,3228,933,514,681,1479,19,62,21,154,34,0,0,0,4,154,bengin
3cef508fbe4f5e55b7165dacb8e200103bc31fd526d960c330c9f90b0c173fb1,2015,1385,891,93,299,196,540,222,194,174,39,87,1090,385,136,17,523,0,43,380,bengin
3d091d918fdbf7893f4f459ff644bb2e70bcd10e2a8446f791860693970681c0,10610,6509,1434,4403,3629,27880,3847,890,420,2063,0,0,0,0,0,0,0,0,0,0,bengin
3de84cace0d8ce44d1bfdf868b3ef31b25a1bfddba90ac6b7ce8b75abedb1f6e,2337,4524,1009,191,372,506,726,348,636,1142,0,2,0,0,0,0,0,0,0,0,bengin
3e138a95434ed6657a6bb28d1466cfc3b293e74852bf59b9009206bb96a9303a,43049,72061,25008,1649,3863,61365,2649,1328,23268,4452,5,3,0,11,4,0,0,0,0,11,bengin
3ec3c86c5b2eb5e5313122aa1c44f6617404829019d40b5065c9b77901932fef,4357,8585,2199,541,708,1105,1463,730,1689,1523,2,0,0,0,0,0,0,0,3,0,bengin
3ed85ea8d2a5b977d56136abe8c6b20c1d6abd08f95a5f7d7b5dbdfb668bb52b,2067,1468,907,95,309,206,559,219,194,220,4,0,4,0,0,2,2,0,0,0,bengin
3eef3a6a3b945bb5cd2652aecbab8bb4335c7b507e7ca2b93fd1b31f03f64c91,11276,17408,5785,1591,2266,2216,3410,2929,3626,4699,0,0,0,0,0,0,0,0,0,0,bengin
3ffaabb0a97de45b6cf2b0f042ce691b9dbd65df30463e7c911930e884ce85bc,2092,5872,1927,64,931,5382,416,366,825,1402,2,0,4,2,2,0,2,0,2,2,bengin
4a7ecd3f3c363169538dc1c4408136be08ab241339c43f775f45b21ba274bb70,30806,62169,15046,2780,5856,9775,9171,4865,11859,9914,179,38,251,669,436,0,87,0,24,669,bengin
4a9c4633ae57ee1af520c25ff67a6bd64a2f4ce7ffe3aadabe1dcf52c17e61b2,28307,49835,13627,2786,5395,5189,8988,6066,9135,9641,27,121,334,803,695,0,3,0,8,803,bengin
4bf28b8ec0d687e964b708310211f45fddde88624a79fe71df43f58261813723,2321,5330,1574,378,674,3212,933,513,680,1476,2,0,2,2,0,0,2,0,7,2,bengin
4c3425c2d7fd283b9711f068aa56e808ea518b8d142d600c830e2d00e753e2d2,1515,23581,5090,1695,2129,2145,3552,2587,5930,1585,0,0,0,0,0,0,0,0,0,0,bengin
4d47a535cdafbafee73a814b94d2bfc0459337835175137da3ce6865e7732f85,63453,31418,3937,47556,9351,449310,25312,4114,1426,11025,2,0,2,0,2,0,2,0,3,0,bengin
4e2eb12620d5c06822913b82decc1c44d272082ce75a266e0ec3ab4e38c52ab9,1363,21940,4032,1697,2086,2200,3612,2606,4166,1418,49,79,341,2118,791,22,5,0,37,2118,bengin
4e11032490788e7c50a027c956d271dfb92c5a3ff21d6b1fa0829b53cf603881,1658,3747,1088,279,547,937,657,298,444,1077,71,10,151,56,23,0,3,0,4,54,bengin
5afe2ab3dda8a9d4fe987371c54b482983374f59f00ea5626211907b0a0cbcf8,2960,4328,351,1283,564,2948,1310,689,343,2464,2,0,0,0,0,0,0,0,2,0,bengin
5b712aa97cca64020fc743718fe34f3ba1afd92916419abb1ecaf112c82662e5,6026,67155,11909,4373,7016,7682,9929,5969,9324,7774,4,0,4,0,0,0,2,0,2,0,bengin
5bac3baa97a554de86f4df26508b1f8237fe9792d8460984db7623bf31556893,2420,43381,7772,3892,5895,4660,8509,5678,6905,2439,2,0,4,2,6,0,2,0,2,2,bengin
5c9f51197deab818e7e608cfb511d4ab6ab895c9b92b69275aa0bdf5faeb909f,43503,100250,27483,3996,9601,12286,9987,5114,17029,8898,6,0,0,0,2,0,0,0,0,0,bengin
5cd5fcb36b90cceb7e19b325f0b41f1cb65b73a9bc8fcc6375f2564715abbf18,5644,2833,569,2182,1392,22250,3320,501,225,3127,18,54,70,566,100,0,3,0,3,566,bengin
5d0b20d99b79f132875207c4416ec4beb40bb16f7ae25d5e137390052337b15c,1530,3649,1028,285,535,882,645,292,408,989,45,30,552,452,1089,2,3,0,13,452,bengin
5d95965ec125796babb0bb290cd95e7cc18857a76fe59b0dbe1300bebe0599a0,23116,38355,11250,2435,4872,69201,4294,3164,4376,18689,3,0,5,7,0,0,0,0,5,5,bengin
5db631589b179544445b62d72e5021293408799c694c848452752a8a01517d2e,2123,1323,863,71,270,226,498,247,216,168,9,0,1,20,1,1,0,0,2,20,bengin
5e97adb16769b033cd94a5418fb0950768ae7e2dd71d6f2b84b9dc802abfaa67,81209,182101,51556,7200,17380,187254,17534,12917,18078,52733,0,0,6,22,10,1,0,0,2,22,bengin
5e184321148bb2c6f46f9934403f42a347f5cddd7a34a0c4518df09992a846dc,32947,89743,26374,3256,0,41565,9866,6745,8943,19788,2,0,6,22,10,1,0,0,2,22,bengin
5fac8acb1f1c0a14c53bac67ac29622f3b838c54b0c36a423803a702c60d43c6,2131,1622,919,120,307,202,591,252,215,234,69,14,24,647,294,0,4,0,18,647,bengin
6bb0fac7a9842dbd75756e5b4775d19a7360570671cd6a7e0e5cee3dc7209488,23995,42252,11858,2045,4764,5093,7875,5775,8021,7972,9,34,57,513,114,0,0,0,4,513,bengin
6c1b125cf31fad5b860a433183289e7b4cf75fba73d3f35c92482eafd5d3dacb,37277,98216,31426,3621,11315,48537,10210,7324,9994,22112,2,0,4,43,3,1,0,0,4,43,bengin
6c1cac6065060453e80756da278d9743457ce81196f6bcdd391ae540a259aca5,2187,1559,936,96,317,210,576,237,230,243,3,6,12,47,8,3,0,0,5,47,bengin
6c68bf10de6e2b226abcc0107b084f7b1c31d4971640aac812b7e6731a8bc6df,21874,40118,9969,2805,3850,5727,7011,4524,7390,6904,4,0,4,0,2,2,2,0,5,0,bengin
6d49bfac94badb432ca8dcd9b135477f07b956d4114dd797688c5b0dff2c7db8,508,7131,1639,544,590,606,895,588,1444,471,0,0,0,0,0,0,0,0,3,0,bengin
6eb2efc44d62b07fc2380dc1046c92f0bd4a28b7c10fae05f872a31570f28320,93437,147708,57203,7130,14903,11024,18144,21793,29311,23273,2,2,4,2,4,0,2,0,6,2,bengin
6ee449ce84b65ad44896ae83800828006dabe7894e21f9fd4ad5ea9c74e4c10b,11443,24880,9440,528,2733,23940,1654,1679,3585,6417,0,0,0,0,0,0,0,0,0,2,bengin
7a2fd44a697ea326fbd3f41fab12dbae59b9faf753fafd4297e4b0192956e5c3,3828,3229,1462,267,508,579,1039,578,769,1242,0,0,0,0,0,0,0,0,0,0,bengin
7a6b5cda58a378b157dfd516225f9db11f674c32190426bbf83acf7b4320bc63,43591,55320,16458,2184,4605,11994,8931,8314,8218,13112,12,166,399,468,161,0,0,0,7,468,bengin
7a8e5ffc5c3c2483410b4e762ac6fa35f1d7e3cabe1e62038801e85c46e4c01b,1704,4251,1584,65,724,6129,311,229,689,1232,48,9,157,136,240,7,5,0,32,136,bengin
7b716a4dfd005711d3cda29abf004f8cef47fe9419e96b4682e4f96c90f4f6d5,2227,4745,905,240,557,925,899,460,570,689,139,87,393,470,451,216,5,0,21,468,bengin
7c52f19cf1b2f40a2d85a4714ed699f16f31b2c5fb4a0e47ecbfb14d3d515361,1041,14840,2774,840,1379,991,1388,1583,2876,1007,70,14,182,144,16,0,3,0,2,142,bengin
7cb855b5d931d198f5de2132b73658f68b7ee679653ace9a9e6ea49c1ed99aad,2073,1504,911,93,309,199,549,234,199,225,2,0,0,0,2,0,0,0,0,0,bengin
7cc3974eec78eea4612a4f9aa43723c69cea3662bf0dcacd1881fb0e559c5702,508,7131,1639,544,590,606,895,588,1444,471,58,26,121,411,304,3,3,0,11,405,bengin
7d143bf4dcd2518698054f3b4779117d2a6733a1a3f0fcb85405b456a8ed97bf,3494,2869,1347,233,426,526,829,508,683,1128,0,0,0,0,0,0,0,0,3,0,bengin
7dc966338e21261741fa6a50a84997d0920e4fe4338146fbb1f7313c7b4c3643,26697,22747,8425,1649,4242,2109,4815,5720,3911,5786,2,0,2,0,0,0,0,0,0,0,bengin
7dce3c305ae3cbd014b8f6f17bba5ac61d3972fd22a0d06b3e8e9fc57aacb8a6,4145,81629,22936,5814,6142,10544,8331,9523,18649,4193,21,9,162,149,11,3,138,0,11,149,bengin
7f4a92e03a00d764462ef4a51e35a9117dded7587a5de0576a753b06cf9d46e2,109589,146022,71576,6753,20373,12027,22511,10778,56673,20104,4,0,4,0,2,0,2,0,0,0,bengin
7fc1934b778d0928d9bd394092a33acc0966c3a0a4414858c2304a348ec48a4c,52705,122482,24615,4397,9554,19281,19193,12546,16470,19022,19,146,28,260,255,5,7,0,11,260,bengin
8c58d91c2a0a4c5ddeba08ccc280a72d6a0a0eec860e33397e7edc4c1239315c,2175,5061,1422,373,647,3021,912,504,645,1418,2,0,2,5,2,0,0,0,2,5,bengin
8d46d1a58ff18aac866df3eccd3ad272e9dd63fec2dada693c17c751326bd816,2191,1574,937,97,319,208,576,238,230,245,5,3,17,11,25,3,0,0,5,11,bengin
8efc02c6f318362a3a9c52cbc4dd71f898dbedaaac6802f5c52c7c68f4bf09e2,2180,5059,1422,370,647,3016,912,503,645,1416,2,0,2,5,2,0,0,0,2,5,bengin
8ff455023d6cca8d818ee61527cc7ca961a4f28265eeebb77fc0ecbdf05b8031,7289,11751,4318,785,1774,1291,2577,1652,2627,2370,13,0,56,2,71,0,0,0,6,2,bengin
9a172c8e6579e87bab91db66d4460dc59c9841ecdb9748a8d5c848086f70cba8,1505,3599,999,302,535,881,640,270,409,981,115,125,727,1407,853,31,9,0,94,1407,bengin
9a546ff0e3ff486b4066ba131fdf16ff1df4730f63bc243715eb0706c0d2412a,2321,5330,1574,378,674,3212,933,513,680,1476,17,12,21,155,22,0,0,0,4,155,bengin
9b6e4ee0c29c6e1698afd23c40d298bf7c28450d4dbc324bf5cf83a09cf378b5,6877,203589,31934,9166,13956,15014,20921,9677,24539,6748,0,0,1,0,1,0,0,0,0,0,bengin
9b230fd32281beb07db6581f60c88f476fe97d9cc70d485409bdcf5f25706799,9564,154103,42328,11335,9658,14306,12458,15861,27872,11829,0,0,1,0,1,0,0,0,1,0,bengin
9be0ffc708413e1a2a3fcc15068eec28e3e1108ae9508a9d24c89935d70b0705,96905,142248,59185,8400,15243,9088,18590,21686,30033,23644,87,11,15,88,138,16,5,0,11,88,bengin
9c2f2b1d5133d67a44648be23110666302eed27655cc5cac0a24c99adabd58af,81285,157520,49320,7759,17649,211880,16526,12489,16294,54993,8,0,6,27,4,1,0,0,1,27,bengin
9c98c1e0c2aa6622fee5996ff653a4d731e5635567f8e0d84e0651462a61fb46,114273,191143,74106,10063,17914,13627,24980,23740,38962,27028,4,2,4,2,2,2,2,0,5,2,bengin
9cbba58f692c78de92dd806eb86e6e090b01282e1d9ad88151b3f9a01900b36d,2010,1375,870,91,299,217,541,207,190,183,76,11,149,169,0,0,2,0,7,163,bengin
9cbbd62f6490fd548c18f827351cff856c37740f938082a640e6633bf9e77225,29552,60159,14855,2716,5928,6854,10819,6176,10107,9677,6,0,2,3,5,2,0,0,6,3,bengin
9daf1964d886a548bbdce67560ec73aa050f7448407459f2fd247813ec14527f,1653,3732,1105,290,547,937,660,296,446,1079,0,0,23,21,3,0,0,0,0,21,bengin
9e68d5982934294b5ef4bd570efd96b170d6a2aec1507cb4f248911da72380be,2532,1643,1060,104,349,277,633,236,267,290,54,13,62,167,89,12,0,0,10,167,bengin
9e852149112401bd88e8d9a8d5c71f2dee3c39ff204c8cad0516200d32467b60,67511,116477,42834,4977,14470,14999,19056,11260,29450,15727,2,0,3,2,8,0,1,0,2,2,bengin
9edb2c6f17e4ab3b372c7992f2e33cc010f4540d2585be5482355dddf280c22e,156467,239941,100253,11556,26769,14106,28698,30784,47825,39922,4,2,3,9,2,2,1,0,1,9,bengin
9fb13eeaa28a55c2a0fbd23434c1356745a25638d676b98700b67688d0f9d06c,101034,179124,13520,46165,20184,50249,52360,26749,10874,80541,2840,10,356,59,21,0,3,0,9,51,bengin
12dc9adb0f636db67609f42c9711d13ce4a320ec0cbc43c5e2b9ce0b9eb6b5f8,42600,133334,39161,5776,11665,82110,12438,6631,12354,27379,0,0,0,0,0,0,0,0,1,0,bengin
12e18bdd11c8536939601ccd7aab7058d3cb8de318d0a662f108feb13b32e72f,2084,1479,860,118,276,192,549,211,204,155,92,32,42,589,21,0,3,0,11,572,bengin
14bbf195803306ac499991561a57e98db10e8584e371873d4cac984556c69625,1416,23207,4668,2005,2274,2974,3749,2811,4137,1507,4,0,4,2,2,0,2,0,3,2,bengin
14c1c619e67952b0ad79aa3ad6797e768b03fdc1b28fe3db9509321cde654f5b,1658,3747,1088,279,547,937,657,298,444,1077,6,15,26,177,22,0,0,0,4,177,bengin
15c90338b16db05910c24340ae3e5b3a04d843a8553b76254098e2441d688a96,2212,1650,934,119,308,201,605,260,241,245,3,3,3,9,7,3,0,0,3,9,bengin
15e51022824e57ae2109b761f6e4fed6e7e66feb86dd03d76a4959f396c6fd24,2180,5059,1422,370,647,3016,912,503,645,1416,26,21,38,913,53,0,3,0,4,913,bengin
17b34c293aa9dea36e65d77d8bb8485c75eb14da823bacc98634a471db9dafca,4101,64103,9118,2793,3803,6902,5333,3272,8195,2263,0,0,0,0,0,0,0,0,0,0,bengin
17ee6104040f0609590cdcfbd25c8758c72163632a5afcd25007ab9779d184fb,2191,1574,937,97,319,201,576,238,230,245,3,3,12,43,8,3,0,0,5,43,bengin
020ebe3992bf3ea9b61fa36cb5cd5b8aebd9eeb3487e425a619fb730ef070705,3831,6285,1897,415,675,725,1140,1159,805,1710,2,0,2,0,0,0,2,0,5,0,bengin
23f8edf13df537a8a533bde7965261d6feda7c8bd73d33ef3b7aeab3403f6e55,64788,143543,32238,7657,11108,28965,20124,14680,20683,19601,4,2,14,0,19,1,13,0,18,0,bengin
24d5d7feafca741694a2e1aa220027590e9a97d27728695cef1d439f797650f1,2175,5061,1442,373,647,3021,912,501,645,1418,2,11,21,266,8,0,0,0,2,266,bengin
25b7bb5aca5491fdc4a79db415cfb946b6f90c9a2f3b942c9fa8a221d9d343be,75,19,19,1,2,1,13,1,22,4,507,13,84,291,24,0,0,0,25,287,bengin
25df1fded280f0af225b49d50491f56742e756ec33c4e92f79cbc0df8fee95f9,2005,1363,858,86,292,212,534,201,183,175,1285,166,765,391,65,0,5,0,29,383,bengin
26ca36509ea21535a39f812a1eabdbdc8bacc617e517700229e3a662db00ff95,2187,1559,936,96,317,217,576,237,230,243,440,26,329,364,850,107,24,0,23,364,bengin
29eefe20bfabd7dc6bd2941045aa9d24ca16b4d60dd59e0fc57fd5334eb7cb18,61209,168417,59324,4137,16657,126322,12490,9451,24634,37601,1,1,0,0,1,0,0,0,0,0,bengin
031a0eca4aa91d4bab4dd83140b95e1e7b63cc20ade09dd8dd7704a095fec626,78,41,27,3,9,8,6,16,8,13,0,0,0,5,0,0,0,0,2,5,bengin
31cc6e4199e851c0db3919c19a902b8fc3a26debb100d6a3c97f6d7aad202283,2317,5335,1574,381,674,3228,933,514,681,1479,47,59,866,567,596,109,15,2,52,543,bengin
32a9aad761bd08558acbfe19f3f38eec58489fa4330038e3c6cbb9e1f4faf403,3121,3428,781,1130,714,8896,1252,506,215,2219,6,0,0,0,2,0,0,0,0,0,bengin
32bfe783ef9d5abb147931164d6719ddd4f024648bd20b0b08378c72f52bf29f,2127,1601,919,117,304,208,587,250,215,233,19,16,11,164,20,0,0,0,5,158,bengin
34c7622c56a44eb11e56f5053fa75a42c4d48701965c333a1d70e67980a20837,125,1863,438,132,159,172,185,281,354,124,0,0,0,0,0,0,0,0,2,0,bengin
35bdc2047197c677209ae6623452480d75ac27efbf5d287152e219dd41ef02f2,138459,219355,63698,7967,21669,33583,30228,24722,28210,41085,2,0,6,0,11,1,2,0,4,0,bengin
35c1f07bb0042bd0d967d6fc60f58dfdab10c32316c0965082ce73711e668f13,15673,331950,67290,24927,20761,59282,42682,26085,59009,16302,2,0,2,1,1,1,1,0,1,1,bengin
36ac51040374dfb4ca9b0ab6ef5e9bf2430e43a944fd482f23167f1ff68a3333,677,11052,2598,787,1226,1370,1916,1915,1739,678,4,0,2,0,0,0,0,0,2,0,bengin
37ccd1629f4dcff5460ba4f565a441a328605b687575edef07d1cf0b4a76d360,4657,2602,264,859,224,15134,788,481,155,2931,6,0,0,0,2,0,0,0,0,0,bengin
39b695336f38b3c77779756522a1c12abfc7d3491a2fa634b08e0f73b18715cf,2583,1687,1100,102,357,258,598,297,276,351,2,3,3,9,6,3,0,0,3,9,bengin
39d924020ba5c09bb5ab2021c973b86c29e756b5f6d3b3fcd0f3cf5c74636ce4,668,18260,3866,1009,1555,1128,1568,2765,3423,669,0,0,0,2,2,0,0,0,2,2,bengin
42af8bedb96f44777c6e8c56fe2f478e08bed01f9b2ebb5e1c3116508c4c4b46,22207,37550,14205,2438,5425,4501,7341,4763,8412,6373,38,39,4,750,271,2,2,0,17,750,bengin
42bcadba498f2927868d50bc49502568ae763bd79a3965a85d472e78a6d7c753,7289,11751,4318,785,1774,1291,2577,1652,2627,2370,3,0,2,0,0,0,0,0,0,0,bengin
44c1530a695bffd22c1604b08f94c946b9ad549da77f51ec1c8e1f65eaf972e0,2191,1574,937,97,319,201,576,238,230,245,3,3,12,11,8,3,0,0,3,11,bengin
44d557ace995e89216201ab74dcce2d02186254d7d61d9001e0e79bded4eb080,162192,279881,23159,85855,35086,100671,86138,45054,15873,142546,0,0,2,0,0,0,0,0,25,0,bengin
45a54aa4b80b48d5f7ff35aa0d5cfce7a061a9dbbfb5824a5d95c7004d937239,5723,4185,2482,205,439,471,1001,513,1398,1354,35,7,0,106,5,2,0,0,4,106,bengin
45c0211ae56580f88eb59574e953ad08b22136aa513a0986e501980611a86eda,2321,5330,1574,378,674,3212,933,513,680,1476,22,15,34,246,79,1,0,0,6,246,bengin
45f63f522fe4eb05b5804a97c54635066c4eb2484d6c56a10d2c175a390e4397,63975,299906,86412,12167,20734,65725,29937,13448,28487,42918,22,33,21,570,2,0,0,0,3,570,bengin
47c2736f56fd2cfa508fba8cae0a6b3eb40a403fd6f470e37b668475f4d238ec,88552,207609,56428,8147,17761,13284,20621,20901,37631,29885,2,0,1,1,1,0,0,0,0,1,bengin
48b9596b3c7b1af2c0c5cd62a815f7e43deac03ae3e91da26e8dec2891c915be,720,12700,2188,944,1284,1785,2208,1778,2581,822,0,0,2,2,0,0,2,0,0,2,bengin
50a45529213ba036f86ae1097880bf40244e1815050acd5771570f135fd151c1,2175,5061,1422,373,647,3021,912,504,645,1418,35,57,75,787,127,0,2,1,6,787,bengin
53cedc23d66b5c42e1d3748af38c681f2177b1c62fca99cf64dd36606aba3e64,84996,161490,47704,7969,15421,20228,22186,13489,32837,22350,3,27,4,8,10,1,2,0,3,8,bengin
53de13fb70365eb1c07a97a797e54f10abad2417298c8b2b96ce72fbc2f398ac,8111,3230,255,3381,288,19213,2290,490,540,4189,6,0,0,0,2,0,0,0,0,0,bengin
57a5835a235f28e8c904f4c4b43ed76ee5d984783177e0d4f36963c71c41b929,48271,15827,1272,28150,1100,304897,7031,2521,1322,37089,6,0,0,0,2,0,0,0,0,0,bengin
57fa2f79bca786c4854b557d8ded5ce33095952ddd547aafb357a2346d8fb54a,0,0,0,0,1,0,0,0,0,0,0,0,0,0,0,0,0,0,0,0,bengin
59b54d05958dcdd8597adb20b54ba7a851cfe32641c7889f66855b244fb29c74,2175,5061,1422,373,647,3021,912,504,645,1418,30,55,79,1089,151,0,3,0,9,1089,bengin
59c495e4cb73fad6569649bbfc3b540169ead4b6da440eacc5bb72b16def403e,221456,424465,106623,19820,37863,71948,66953,42532,60962,62709,2,3,2,0,1,1,1,0,2,0,bengin
60ac43a546dba82b597b3214d903453ef2cff1f4f68130ff98065eac7f3dfa7b,233,366,110,14,30,45,52,30,62,61,43,12,72,172,150,41,0,0,3,172,bengin
061f173d6a2a68c83a45ebb353241f896d6c5b9141bb2682cfdac78a1c216188,29611,35643,19914,1475,6970,6606,7550,3952,13461,5519,2,0,7,2,10,2,0,0,4,2,bengin
63e0cfc93559c89058b1fe3da9c21f9f6ebebece01c330d720a436a3d72fe889,79,900,231,103,120,124,103,109,136,109,0,0,0,0,0,0,0,0,0,0,bengin
65e2a6aa40a3cf27e5b3a0cbc34f56068dddad1280a5d813df64d8048ec1f62f,233,366,110,14,30,45,52,30,62,61,50,3,39,63,21,1,0,0,9,63,bengin
65f24ef4e9bbfea2f18f4b9f83f00d8a38026cfee0223454a00ebdf4c1733502,86733,128217,64717,3583,19497,18073,10490,12416,60630,16519,6,0,40,2,40,0,0,0,4,2,bengin
66f590a55eeca66a24040338a27ba85e8afc4593c6c9dd39590b2c258a54f165,57709,140736,46824,5303,15674,91308,13721,10279,15063,45120,8,0,3,27,3,1,0,0,1,27,bengin
69d77d40827236cac2377d545c1058b3835b4c695fb9466e963a3f89336a89ef,8400,203289,59925,22270,13583,33023,39721,11358,69073,8718,1,0,0,0,1,1,0,1,0,0,bengin
74dcbde4c319578ae46b022d1bc63d2059a4666a4cdaf0c03071a2c91f61c13b,2282,5248,1485,386,667,3241,925,506,657,1436,5,5,21,90,19,0,0,0,2,90,bengin
77b307c2d14068559c704dfd50355b244c7d3ba57b43fe9bc546aefe21f90c8a,2583,1687,1100,102,357,258,598,297,276,351,2,3,3,41,6,3,0,0,5,41,bengin
79a65ec09a4e696a29c8c2b8367d5fa6803fba18af370c0e752a7f0caf6d4da1,109741,158958,60309,7626,17464,23378,16936,15048,50394,29159,1,0,1,0,0,1,1,0,1,0,bengin
79d260a2b00c20a4116c0c7e407549be303508e887c1fd60e9c98815875e2b36,1820,6772,1429,114,684,4013,287,120,586,929,0,0,0,0,0,0,0,0,0,0,bengin
79f3c30dc308a0ec9ad7f62717027b2cd54f90d70c6da7917c324dfa5a8f59ba,8085,131817,29233,8618,7767,13628,19098,10521,29221,8543,1,0,1,0,1,0,0,0,0,0,bengin
82a60908a4b85382bb80603ebe68f4acad40e5b23e4eb5061c12d77c8fd1ec60,20031,32143,12974,1527,5023,2889,6185,3361,9105,5500,12,0,58,2,71,0,2,0,8,2,bengin
86b3f79f3c41a9e8fd3cc6b89f9db37bb97e9774391769f7d74557995080b9ef,2283,5247,1485,386,667,3240,925,506,657,1436,29,63,617,926,746,2,2,0,7,926,bengin
87e2184dbfc222261fece79a03d17fcbe09923b6171a4a9fb93e370edf68cdc6,1295,20472,3567,1170,1881,1349,2388,2651,4358,1292,4,0,0,0,0,0,0,0,2,0,bengin
89e987ef126a2b3cc5afd62996791757a1519e20e3f74fc08b4629bd87f00188,7153,12391,3882,699,1532,5299,2818,1513,1875,2656,6,8,137,51,88,43,7,0,12,51,bengin
90a042262864c606d4a7d055827fad05d54a5ebcacaad7ab5d99bcd4424bcac5,7290,6515,1006,2829,2693,17587,1995,885,1340,4415,6,0,0,0,2,0,0,0,0,0,bengin
91c3fc1b0c861a8d194aa52cadd348ad8299dae720967aac2f0aeae945e38506,2866,52481,10774,2602,3377,3014,4955,7681,11436,2847,0,0,0,1,1,0,0,0,3,1,bengin
95cd165beafc694fa8afa3c3d974b5bc1485db9404dba3f72349359c64186f30,31420,67541,14917,2495,5414,12702,12457,9767,7077,11098,8,0,19996,10,19,0,1,1,3,10,bengin
96d6466edc494e1badeccb7ab9040c65c5ae59fe0c6bb978d35580f151396171,0,0,0,0,1,0,0,0,0,0,0,0,0,0,0,0,0,0,0,0,bengin
097a83f940adda03b20eae9011e34f38100363cff6011f0371e9a1387f633530,26697,22747,8425,1649,4242,2110,4815,5720,3911,5786,27,5,335,97,17,8,327,0,31,97,bengin
97b77f2d85e94b8f7ef939d3b7e787dbc0719f2b270888aab522312cac2cfc2f,1658,3747,1088,279,547,937,657,298,444,1077,47,93,390,689,650,0,3,0,11,689,bengin
98cd49345c4d003c5e2e3ea2747d71c32d4664092b5372515ddda9aab5dd76c0,9902,142671,35335,9197,11610,11506,17316,11922,35146,10108,1,0,1,0,0,0,1,0,1,0,bengin
98e1440283c521a5153cdcb5febc3f2e8136fe76dc1dd0dbf60935c66dc28448,2159,5030,1369,379,642,3130,908,499,639,1388,70,51,401,642,268,109,8,0,17,638,bengin
98fb11366e06ab3445356ae5e740aeadb1af5eb155e3b3b6da7cd8ec46da5dd7,231290,299620,102927,11542,29378,42961,39573,33086,64241,72228,12,0,80,2,98,0,1,0,11,2,bengin
99ae2d0daeeed3b52c5804de445a1aced640475b883b264fe1211b238aa8b54f,6011,8146,646,2746,886,17358,2511,1240,520,5228,6,0,0,0,2,0,0,0,0,0,bengin
99c9cd4e1e2a951a6311c3bd2d0b620113dda40ee228e735237244dcc2ab8ef5,2030,1466,868,114,291,206,567,229,199,177,41,3,10,50,0,0,2,0,5,47,bengin
99cbd0ce2a5fdef88f41b47ba07786c641d582d8a0800f39618799ad1425df82,20030,316401,81786,24254,27268,30412,30439,39946,52513,20116,3,1,2,1,1,1,1,0,1,1,bengin
99e73f88caeebe6df4900c379e1733f6c23999939c9a718129dbefda8c40ab9c,37692,100931,32244,4059,11525,49571,10919,7601,10529,22499,2,0,4,40,3,1,0,0,4,40,bengin
106e26fb3e7bde3f04948c6a72e8eb3e92d913c00ebd5e7bcc824d90f7db786a,203601,361368,104163,10734,33551,43224,44498,31519,47400,60205,2,0,2,1,1,1,1,0,1,1,bengin
108bacfb4d014ec6933f4ea158b53711a87214574e028cbab871d8ba1fc2d9a8,83217,158534,49537,12301,18042,212222,16754,12547,16342,56670,8,0,3,36,3,1,0,0,1,36,bengin
109f605c7a2e441a8837ace29382a5996a447142745df1fb6ee91e3113aa9184,956,16559,3445,1255,1731,1753,3049,2293,2809,1065,4,0,4,0,2,2,2,0,2,0,bengin
117db083d9b5d09113287bf1aa9b40c2a977acbff097efa62065a9540f36b0d3,2449,53173,11315,3149,4410,5397,6183,5727,11020,3125,2,0,2,0,0,2,0,0,2,0,bengin
130e563431bf29e5ddb0487bd1babfb4c1f9acec92e641ab28804873f3a5fb3d,2283,5247,1485,386,667,3240,925,506,657,1436,114,43,640,673,1179,8,3,106,13,673,bengin
156d2b1f147c386ce62c4dbd2e101cce1808c2d70ba41f372e881244f08e5a76,2284,5247,1485,386,667,3240,925,506,657,1436,19,20,21,290,24,0,0,0,2,290,bengin
188d619195af565cdfac6b6b2c11f0380fdd926e074cb0eb0fa3311f903da207,37594,99548,31848,3630,11369,49301,10401,7392,10119,22441,2,0,4,24,3,1,0,0,2,24,bengin
190fef92aa51359111a22141cd7fcd0d9e1cbce980707c0c667ee820f5a08a26,8127,231522,51445,9294,13678,25266,15533,8409,62644,8672,0,0,0,0,1,0,0,0,1,0,bengin
207e1a39c74a03ae535ad04fe74bc435baa777ecefaec95abe78664cd2b34690,2034,1422,899,94,302,209,545,225,187,181,12,0,10,12,17,0,0,0,9,8,bengin
219efcb22439f59325a673a7a5579c574bde4615520ad05fc8119842000d03a7,1257,861,65,468,77,5349,390,91,60,925,6,0,0,0,2,0,0,0,0,0,bengin
230a98df32cccf8862e57931d095bca0546e86a6e740a4bb2ca99c467fcdbe2e,83454,159368,49865,12390,18109,212626,16791,12564,16404,56792,8,0,3,22,3,1,0,0,1,22,bengin
241d7ffb790517a8077b2204d0f6e0cf8a90346278fa19056f7e8e80101ea3c2,19190,36445,8631,2082,4386,5991,6346,4835,5912,6364,4,0,2,0,2,2,2,0,2,0,bengin
253ac078fbeffaba302b6dee908812b74b61786875ce97d97a95e947527de99b,13227,254203,20827,19265,15052,50540,23940,13469,40477,17759,0,0,0,0,0,0,0,0,1,0,bengin
255c9d3571c86841213f49b26d176a6ad440be8c720e3c2d9226076adf4f603d,15542,250380,30563,7176,22074,22358,34480,19806,44891,16564,1,0,0,0,0,1,0,0,1,0,bengin
270f2bf59b9e13688f392b23202e2edc3329482b8cc0449d2ed545656ba3bade,6911,199243,46387,14996,10534,22005,43316,7971,51722,7146,1,0,1,0,0,0,1,0,0,0,bengin
289e9ca5fe2b1147c9bbec499f4352af9991084e007f06f88967314cb04e21ff,7767,14617,5136,625,1425,1310,1061,569,2503,2846,2,0,0,0,0,0,0,0,0,0,bengin
300c18c1c13cfa72950d5f8bc2f4e55eb42364dd673cf41d157cbe7579e69ccd,69892,153490,34719,7848,11940,30854,21801,16278,22085,20763,4,2,14,0,19,1,13,0,18,0,bengin
337be8384212872bff0b19f99a1860d999be22523a3b99fc47d045af884d4a12,642,9714,2051,818,1103,1108,1613,1366,1908,670,2,0,2,0,0,0,2,0,2,0,bengin
337ea23cd1235988d9d660c4f12f7b337bfaeb6cb5ebbfbd558a4289db55301a,37594,99548,31848,3630,11369,49301,10401,7392,10119,22441,2,0,4,29,3,1,0,0,4,29,bengin
355a50f9841a194eb73489da39d59c220951d4d463f96ea039f3973c726f6948,23116,38355,11250,2435,4872,69201,4294,3164,4376,18689,63,28,200,404,290,2,0,0,23,404,bengin
360e11757029f102bf9defaf60b24f96a8c4b6726c0b9ec9ece4bbae89f3af7b,20,256,113,37,51,46,44,49,69,20,0,0,0,0,0,0,0,0,0,0,bengin
406cad84e6e9fc7dbc1d1dc2e4316abe6a0450a855c2b1e61af914f8de55d714,2282,5248,1485,386,667,3241,925,506,657,1436,15,5,21,39,22,0,0,0,2,39,bengin
443bde85a7890ab2059d7fcfba7aad657a20f45c6f88cf1c395af8057153c769,6877,203589,31934,9166,13956,15014,20921,9677,24539,6748,0,0,1,0,1,0,0,0,0,0,bengin
447f70bfc8625c8844a8fdace95fe8ae197f48aa871863d49efbf8eae42b6d6a,65100,85949,8707,22610,11378,122035,32505,13669,4901,54782,6,0,0,0,2,0,0,0,0,0,bengin
485e3e5cc3139b9bf7cfdc77bd0f562659a9f64697f223e09659d835d93cb27e,11633,180664,40199,9986,11408,14607,13643,15671,47969,11717,1,0,1,0,0,0,1,0,1,0,bengin
496b92df344cb31ade3837082c9b0100cc75008db986ad0431958b282054380a,26697,22466,8427,1654,4260,2104,4789,5698,4348,5273,2,0,2,0,1,1,1,0,1,0,bengin
515bd8aef0816ae91daa202d70ec282521b25da1e0ac6da46e8badace0c7398b,3749,6387,1767,470,817,705,1307,1136,875,1694,2,0,2,0,0,0,2,0,0,0,bengin
517f3b3bda64f5d07b00a34b23a28f10f961df7a421857d4860b077307ec4b04,1530,3649,1030,285,534,880,643,292,408,989,9,25,50,499,124,0,0,0,9,499,bengin
533a0746540ffe1167631545f621d2e3201998afbec08a71fd124485aefcc790,19493,341672,74174,20498,28804,32641,40784,25232,83230,18416,2,0,2,0,1,0,1,0,3,0,bengin
534f40c525fb94dd91074dc055be05d90bfcf185f6b8c16652884b53bfbf7616,26697,22466,8427,1654,4260,2104,4789,5698,4348,5273,64,3,374,44,216,3,312,0,28,43,bengin
544c1196e51295b5ad0c130d4116779ac0133413d6f648e973306a3b755070c4,36046,11061,857,6350,1209,55095,13958,1882,666,22263,0,0,0,0,0,0,0,0,0,0,bengin
547fb063fc57ec6497ba4989cace24399252eb33a140f1e168705ff361b7b31b,7086,18893,5344,1219,2523,14703,2436,1300,2130,8981,9,0,2,5,2,0,0,0,2,5,bengin
557acc8166a6bdcab3ef770522a7d7ca051e9bbacbe8bf00d2d92a937c402864,23995,42252,11858,2045,4764,5093,7875,5775,8021,7972,178,3,211,529,422,4,54,0,14,529,bengin
598a03d461ba440dfecfcd5ad9c0c8b62f86daf609929fb9239c57ff7111f933,130347,210599,68307,9720,26018,317426,15971,17554,24573,94853,1,0,0,0,0,0,0,0,0,0,bengin
643ec58e82e0272c97c2a59f6020970d881af19c0ad5029db9c958c13b6558c7,73,2074,446,83,239,124,219,358,543,69,0,0,0,0,0,0,0,0,0,0,bengin
646b3c82bd0c0cfcdcd5676117b8ba69c13ad0b6daa9364412dd59f6a3e68e1b,22160,40130,11702,2198,5114,75289,4566,3399,4503,20421,765,30,898,436,1400,0,1,0,3,436,bengin
647c3a1271c5244b774a4cde1e7dbe80910f727e2973bc75e59fff493c43edef,2175,5061,1422,373,647,3021,912,504,645,1418,4,3,21,471,15,0,0,0,2,471,bengin
0675c5a6f03fc311e3ad84fc7bf36899a50ab961e0f34c423cc68db95d0b8c9f,2101,1510,921,94,313,212,558,227,204,231,210,22,989,194,723,23,3,0,16,187,bengin
0682eef4ae722d6dad6b0c41f530d86e44f094f8487105372d5a03e0f0a437e9,26849,34751,14842,1436,4820,2975,6557,4195,7886,6183,2,0,2,0,2,0,0,0,2,0,bengin
698a6420d952eac7108f5c2bdaa08270d5809d97492664e00bae0c64da35a287,0,0,0,0,0,0,0,0,0,0,10,380,52,5121,116,0,3,0,8,5118,bengin
699b7391c1e7a7a97322f44d994cd4ae340a1d7489bb0b29855aa6a44fc90bb9,9097,19717,5009,925,1641,2504,3300,1623,2877,3374,9,2,13,7,2,3,0,0,8,7,bengin
713c94ecd7f5f60672987c0143684270f3ad90e8c87b651f5db5c942212c5ad9,0,0,0,0,0,0,0,0,0,0,2840,10,356,48,20,0,3,0,11,40,bengin
726f5751d9f82347e3508cc22888814da342f48b40aeb8ad1715293276c449ec,2187,1559,936,96,317,210,576,237,230,243,3,6,12,47,8,3,0,0,5,47,bengin
762a75172f1a523083f7fbee0cf8d01bf0a6387c3378c3b5a68c7bd3aebc8866,0,0,0,0,0,0,0,0,0,0,8,28,147,530,142,0,0,0,6,530,bengin
762e55b8450c33fa80f48f15d4cb74edf774bbf63cbfd790b7dd69c12d9a40b5,1658,3747,1088,279,547,937,657,298,444,1077,0,0,9,0,0,0,0,0,0,0,bengin
790c2894907fbdfa3e373879a29b84d13d998606b908d37b32d9df99cd1789d8,52879,83134,31359,3696,13573,8074,13634,6676,25862,11463,10,2,199,7,48,8,2,0,8,7,bengin
837b0f7632b986e91830be87b21d964b298ed37d438b7738043ec187bf118606,191531,318339,88444,19402,16344,74061,43748,28536,47018,55890,1,0,0,0,1,0,0,0,1,0,bengin
845fd292dc1a8bbcc5934a6bf7af0477b713c871effda3e25b2408b1266b4f5a,2212,1650,934,119,308,201,605,260,241,245,3,3,3,9,7,3,0,0,3,9,bengin
908b5d632bfcceb972ed06f6d74fd6ac02492f540256614624ccb2d0c650cb2e,73,17,18,1,2,1,13,1,23,4,286,62,387,621,81,7,9,0,8,608,bengin
939ecc521f31238d7951be54866f7d87cf2cc434904600ae4c63e6c94728ebfe,315,4416,873,338,414,304,613,276,889,302,0,0,0,0,0,0,0,0,0,0,bengin
940b0ca2a43f9cb3107576e5e9a2e253ea2525236fc7a7ca1feb4359e0ae8eee,0,0,0,0,1,0,0,0,0,0,0,0,0,0,0,0,0,0,0,0,bengin
946c59b2c4d904e046d147906fa86d6ab39660c9e318cc1b8d37aff4fb40daeb,164242,288029,78839,14404,25953,44050,41431,35165,50137,60601,8,3,8,56,31,2,6,2,24,56,bengin
970cd517d20f8a2b2f23f2350441021674ada313ff52443999227e824467a049,47627,147006,41433,5904,13152,82390,13689,7528,13539,31282,0,0,0,0,0,1,0,0,0,0,bengin
972a4cc61117da70abef26a37259e246d5566f5916818b61a56064a15c65f919,2317,5335,1574,381,674,3228,933,514,681,1479,7,142,21,2487,18,0,0,0,2,2487,bengin
973a32dd7cc4fae82a5a5a86f61d3cc5bf8c8c8d4b3c9d0acc392398780e33dc,209,33,2,102,5,1515,43,5,5,144,6,0,0,0,2,0,0,0,0,0,bengin
1041d70a33b926ac2df6827406ecaed93647f9dc2fc12d09d17155c6f1b0290c,2583,1687,1100,102,357,258,598,297,276,351,2,6,3,45,6,3,0,0,5,45,bengin
1704baefe36ea2133c998734f14636e7dd2d30c4e83e37841f28462970d02031,2073,1504,911,93,309,199,549,234,199,225,3,0,3,41,4,0,0,0,5,41,bengin
2618c195672fb2dfd7aad762f267dff43c16743650dade5537d2314decb100c3,1530,3649,1028,285,535,882,545,292,408,989,71,89,434,1348,573,37,4,0,49,1348,bengin
2939c6b43a0914191b1a828fa2533c568a052fb43704f2e20cfc60a3c752c92d,7647,10129,3487,908,1697,1537,3010,2125,1832,2523,0,5,2,69,2,0,0,0,2,69,bengin
3106a25fa2195ba833e2a0175261bf67bb0bca063e386c9a779014cc9d94603a,64745,156069,36147,6498,22128,15624,14946,13241,35000,18184,48,6,341,167,195,2,2,0,76,167,bengin
3862eb522277966747e56f547965b787f5b0a2ce949ec65d1985ce5b30c99676,1085,15988,2849,746,1484,970,1862,2127,3283,1078,4,0,0,0,0,0,0,0,2,0,bengin
3933b5953763b0006a1ba15119c4818e188bd514c26b003de6f4c8d83abeeef0,5172,10262,3186,549,1500,905,1832,953,2237,2058,106,15,370,687,506,5,0,0,50,687,bengin
4398ed103734f924cf82f4f726a44d021a8a174445d7a966cf47d08457fe2eaa,2819,2894,1165,218,510,441,890,596,600,725,45,15,29,134,0,0,0,0,2,134,bengin
4485fbfeaf79bc7f8400910839c3b1b7166f29fd869b38b561af6a13455e2497,2283,5247,1485,386,667,3240,925,506,657,1436,2,3,21,76,5,0,0,0,2,76,bengin
6066db1018c394e487fc3a328ebb11625e2cde95abf7ab24e38dcd3622bb9fcf,65037,85944,8708,22588,11381,121960,32491,13688,4901,54783,6,0,0,0,2,0,0,0,0,0,bengin
6105c64e8282c4ce208c2eb457428ffb51d4204d099e00381e270899c26da0a2,3076,575,135,783,526,6015,889,95,70,1621,6,0,0,0,2,0,0,0,0,0,bengin
6338b26aac80570d9d3b8b241f59ce6538bf2805ffc56dc136afa3e34771c45a,13421,109950,22012,6503,8918,13990,14112,11385,19227,14004,1,1,1,0,1,1,1,0,1,0,bengin
6657b7e6bb0068b447e0522ad0279a623bca79b7b0e011fffd32b55e8d198a40,1505,3599,999,302,535,881,640,270,409,981,0,0,24,21,3,0,0,0,0,21,bengin
7284e299656a556e087ae88644b86a58f493cff532cffa282a18d8d1a5af7f27,2321,5330,1574,378,674,3212,933,513,680,1476,2,0,21,24,5,0,0,0,0,24,bengin
7757d5a9916bcd28e19c2f7657c12fb465e065100eb84df7b6aac6f0da974b60,2321,5330,1574,378,674,3212,933,513,680,1476,15,5,21,49,20,0,0,0,0,49,bengin
8558cd45a3a1fac85ea6f7e930230758d3ee2c3585287560a2511d298a2960d5,198642,451198,137590,14972,43035,488074,34712,27825,56685,144940,16,0,22,20,21,1,0,1,4,20,bengin
8804df07c9c6ac5b6bfafb0a528a6aee6c0607a21e88e1f2ae5274f8c995b122,118,1447,375,115,145,151,150,250,268,117,0,0,0,0,0,0,0,0,0,0,bengin
8868ff76727c298bf62204ef9c625096290b80f8c8bf3f64f626960253abd88a,2997,4986,1512,175,601,581,632,170,845,405,2,0,2,0,2,0,0,0,0,0,bengin
16416e6bad192423ad5eec7372e6691c6f8c61a15855de0f710377761760221b,28523,51005,4056,13041,5866,13964,150206,7825,3235,23045,0,0,81128,14,14,4,3,0,4,14,bengin
19588d53f0aad53cc97ccaaa9714f31603fa3aecb9102d7f1b805c2fe9a2afec,72325,142755,41106,6792,11689,19179,16635,11282,23566,16405,4,1,6,2,5,3,3,0,2,2,bengin
022847e7c06b133fe995bdfe4bb658ac3619e2182f765a4c406c4dc3b284ce2b,17796,12447,6218,442,2336,7744,3957,3629,3351,2474,6,2,0,0,2,2,0,0,4,0,bengin
23819ab8d976e7e1933832f35a735900364e40e3afcd98103764a34ebf53b002,206,26,2,101,4,1516,43,7,4,147,6,0,0,0,0,2,0,0,0,0,bengin
24673d88e00bf5ffe4c0f1295bb9ddc68d22d7a5807d423f35b4b8d5c4870703,2160,5028,1369,379,642,3129,908,499,639,1388,40,335,255,1458,367,22,3,0,29,1458,bengin
33836e18e961984f29a2b07fb92a0181acd7ac96e93e5821722a0f7de3f608de,12253,20705,5297,1456,2193,3135,3739,3160,3020,4843,358,17,406,198,242,0,5,0,13,196,bengin
36537f4e74dc0366e9a23df13dd926f1d74a3dbbce00d94a21d99f58151b1a7f,2191,1574,937,97,319,201,576,238,230,245,3,6,12,38,8,3,0,0,5,38,bengin
47447a77ec26435d8c203a5053e5a9454814a3272b90553c9dd1d2527ed18ddd,0,0,0,0,0,0,0,0,0,0,6,5,81953,105,14,4,3,0,6,105,bengin
49324d195d151ac39d6e83dccd028d6247b7a55b34ddc3e75a97cdbdaff11000,19905,26653,11010,962,3182,3235,4714,3527,6030,5890,0,0,2,0,0,0,0,0,2,0,bengin
58830bd29506eafc6a795bace733b6950639037767c8e4f87a551048fa9e9ba0,0,0,0,0,0,0,0,0,0,0,1,0,1,0,0,0,0,0,1,0,bengin
61738ecef3730d8eff50516288f51028d7142985f7e8e34b20781b4ad2f646bc,207,938,43,758,9,1513,117,6,6,250,6,0,0,0,2,0,0,0,0,0,bengin
19588d53f0aad53cc97ccaaa9714f31603fa3aecb9102d7f1b805c2fe9a2afec,72325,142755,41106,6792,11689,19179,16635,11282,23566,16405,4,1,6,2,5,3,3,0,2,2,bengin
022847e7c06b133fe995bdfe4bb658ac3619e2182f765a4c406c4dc3b284ce2b,17796,12447,6218,442,2336,7744,3957,3629,3351,2474,6,2,0,0,2,2,0,0,4,0,bengin
23819ab8d976e7e1933832f35a735900364e40e3afcd98103764a34ebf53b002,206,26,2,101,4,1516,43,7,4,147,6,0,0,0,2,0,0,0,0,0,bengin
24673d88e00bf5ffe4c0f1295bb9ddc68d22d7a5807d423f35b4b8d5c4870703,2283,5247,1485,386,667,3240,925,506,657,1436,17,5,21,44,19,0,0,0,0,44,bengin
33836e18e961984f29a2b07fb92a0181acd7ac96e93e5821722a0f7de3f608de,12253,20705,5297,1456,2193,3135,3739,3160,3020,4843,4,0,2,0,2,0,2,0,6,0,bengin
36537f4e74dc0366e9a23df13dd926f1d74a3dbbce00d94a21d99f58151b1a7f,2191,1574,937,97,319,201,576,238,230,245,3,3,12,11,8,3,0,0,3,11,bengin
47447a77ec26435d8c203a5053e5a9454814a3272b90553c9dd1d2527ed18ddd,0,0,0,0,0,0,0,0,0,0,0,0,33602,0,14,4,3,0,4,0,bengin
49324d195d151ac39d6e83dccd028d6247b7a55b34ddc3e75a97cdbdaff11000,19905,26653,11010,962,3182,3235,4714,3527,6030,5890,0,0,2,7,2,0,0,0,2,7,bengin
58830bd29506eafc6a795bace733b6950639037767c8e4f87a551048fa9e9ba0,100842,178792,13514,46458,19906,51208,51915,26868,10879,79910,15,4,11,43,0,0,0,0,3,38,bengin
61738ecef3730d8eff50516288f51028d7142985f7e8e34b20781b4ad2f646bc,965,2288,163,1113,161,1866,517,213,87,869,6,0,0,0,2,0,0,0,0,0,bengin
588417d87e0670547c28e373439d8f56e25d3ece80dc3f9fc19ad88bffa12337,43840,19502,1100,22334,1907,270593,8283,2256,1297,29438,33,5,27,61,143,0,0,0,11,61,bengin
615594a4b661d33e44e9faaf23ab1ba41b47be1ccd6b566a34a15973d9a76f52,145600,57033,4990,77777,4664,572369,44267,8806,3471,89720,6,0,0,0,2,0,0,0,0,0,bengin
709857caeffcde297ab93b3547acda5b641bdbaeff22c4640c84381d08406809,16119,22741,2001,8809,57380,27200,7318,3511,1509,12382,6,0,0,0,2,0,0,0,0,0,bengin
739901c3f3e7ad978b805357d36a1e534d17b8c98b28c0d5cd53e0bf1a6d8f53,100322,179876,13952,45926,20523,50047,52182,26873,10828,81245,1045,5,378,91,17,0,0,0,9,82,bengin
767333d11135ca69a900f4147179037bd882cbd138559e10805d1504f87fc9d1,6135,33374,5856,2412,3338,4586,4861,3247,7514,6699,1,0,1,0,0,0,1,0,1,0,bengin
928689e1e015a5e4a4d8b2a66c7ec44c633fb08962e649cd47fb17e1051935fb,105,1268,245,69,227,129,228,134,256,161,0,0,0,0,0,0,0,0,0,0,bengin
933040c3b99136faa873db4de2847948251e9d777a3cd5bd187045d71e92bb14,2581,1691,1093,109,354,275,635,257,274,296,12,15,33,109,98,5,0,0,7,109,bengin
1795761a80aa991e3c9556a0f76be2258ad5fdc474dd93f1bf13307d7a1ff0e5,3189,7752,2294,436,1103,2853,1313,734,1066,2071,14,40,297,377,224,0,2,0,6,377,bengin
2132471ede1452f5ddc3065531bcd1d2f3a8a22dac2f94f4e629989bf74966cc,2131,1622,919,120,307,202,591,252,215,234,59,17,48,232,71,7,0,0,7,225,bengin
2967699a953d5690222655124fbb79accdbbe7714f7698fcadc1815b1684e81b,496,8029,1644,391,675,460,865,1370,2074,495,3,0,0,0,2,0,0,0,0,0,bengin
3423917e9890acbcb51b7459b8248d64ee106b3ee1da47f94a3ed64bacab4c58,15044,15785,2735,6207,2229,57864,5398,2385,1281,11426,6,0,0,0,2,0,0,0,0,0,bengin
3726721b3faadd322c7b3c36615fa9f33a22d3fccb77aaf0d5142af0458ac540,2212,1650,934,119,308,202,605,260,241,245,3,3,3,9,7,3,0,0,3,9,bengin
4448703b5ac55086d4db455e808ad4d907af098bfa8ee8a2876c0fd1fc85d6b7,317,42,3,109,5,1466,26,9,21,207,6,0,0,0,2,0,0,0,0,0,bengin
5856471ba4df94772fe415687f70cc87add8bc228efb289ddadae55bf0f2759b,23138,38370,11235,2352,4836,69478,4295,3245,4397,18759,50,100,205,526,406,3,0,0,9,526,bengin
5921902bfdae720ed103d16194e9e656298e06edbf4c67d0f276bac6c846bebe,0,0,0,0,1,0,0,0,0,0,0,0,0,0,0,0,0,0,0,0,bengin
9610342eca7490da503602821e4a7a6c2f1e401f07f5735a477d8df282f8cb97,4454,4092,1358,1574,2233,18945,1558,346,289,1101,0,0,0,0,0,0,0,0,0,0,bengin
9631889b6f5ce9f0f14a9aa8233571e559f8fceff96dce6ca23332d64affcdee,51934,102316,34187,4903,8178,14836,11237,5765,17478,9967,2,0,4,5,6,2,2,0,2,5,bengin
9930199f7ab9e236beb1ac336b5ff4d5b9ee401454da37b6eecc09c218e4ae91,8886,13964,3727,743,1515,1406,2502,2852,2220,2709,4,0,4,0,2,2,2,0,2,0,bengin
87915630af3af8e323d2c415737bfeba51f7dc26bbfd639ea9e6e1e3be9d4c2e,20781,343062,69123,18535,23097,35046,41487,26496,71815,22696,2,0,2,1,1,1,1,0,1,1,bengin
215127502e84c9349cbb6e11383d80b121d29fa6744732a156e25c94933c4a4a,1515,23581,5090,1695,2129,2145,3552,2587,5930,1585,2,0,2,2,0,0,2,0,7,2,bengin
239263458b38cd2868080cff712cb57acdb6be1a960565e79b455e63ee3fb48b,14324,231473,42967,15009,15700,31751,27420,26155,41399,16414,2,0,1,0,0,0,1,0,1,0,bengin
626187267a265fc3b358566c3e356e59b86c53dacdc303af34cb63113acecdf1,2128,1606,918,118,305,207,589,252,215,232,2,0,2,0,0,0,0,0,2,0,bengin
793362212cf77aaeabe25b18436cfa2c76eb57a83ac9fee0204403ce722a209d,64774,34739,2586,47442,8352,451134,24238,3905,1405,11733,0,0,0,0,0,0,0,0,0,0,bengin
a0a6f336552c8ec6ed9a1924a1700353c5c3502ad650335da4c5dd2b80edcc6b,22943,37914,11045,2401,4817,68983,4263,3144,4330,18606,56,311,101,459,200,9,0,0,25,459,bengin
a1abdd6678e57e8f4983b5dd5dd402a2c616d47cc62cbab716cbe57f84b7bc6a,62623,153146,45701,5360,13209,132269,15595,10088,13464,45457,19,5,2,72,4,0,0,0,7,72,bengin
a1e0ea3ddf4fe94a3a93cd54e344bc1841ca8bee86abf8cc6ae792dcebe5725f,48271,15827,1272,28150,1100,304897,7031,2521,1322,37089,6,0,0,0,2,0,0,0,0,0,bengin
a2e1566ad0329c5273a7c29780679ccbaa26cd13a14b4c062f08a1d6f16fe374,643,64,9,227,6,3137,72,8,33,413,6,0,0,0,2,0,0,0,0,0,bengin
a3a135739912d5c5154b7cae93c2fda1a7b16327057422641532ebfc9cdc2e48,6444,5811,624,2692,2157,15143,2065,783,291,4593,30,3,58,52,118,2,0,0,22,52,bengin
a003b0eba4f244dce2cc120b2cd53c41aba741fdfae541e94517795be358413a,6444,5811,624,2692,2157,15143,2065,783,291,4593,2,0,2,0,0,0,0,0,2,0,bengin
a4f2248770904218918050b2c86d171e8982f6e1cbbd647fc1dd636d7bb0bfc1,21426,99656,25181,11679,7275,170650,10324,5988,23056,15201,2,0,1,0,1,0,0,0,1,0,bengin
a6a195c55c199b35c737d7494327b37da94ded4eb2592871d4ad747aa8baa39a,2317,5335,1574,381,674,3228,933,514,681,1479,48,30,430,660,60,4,399,0,21,506,bengin
a8b1a370db9c2d6b0d4e5cb78470c57f50309015da12113e4ad4b80ad6d1df56,20853,42183,10534,2047,4348,5768,5845,5125,6871,7958,0,0,24,1,3,4,1,0,5,1,bengin
a8ea6091e8499892af4c711830ad3c968d7cceb2152626916994c61662d81a07,2282,5248,1485,386,667,3241,925,506,657,1436,57,105,560,1154,907,0,3,0,5,1154,bengin
a21a9d5389728fdac6a7288953dddeea774ef2bee07f1caf7ea20bbed8f5a2c6,2067,1468,907,95,309,206,559,219,194,220,5,0,14,15,15,0,0,0,5,12,bengin
a31faad0fee4987607f063990c30e5bbb1276e462fe6fef32cf35073435ea863,23050,32207,12688,1275,3623,26695,2714,1612,3833,4012,2,0,2,0,2,2,0,0,2,0,bengin
a35cb72c05bbc60ea43bab24f5f78f4ef67057156bc56dd2a2ddfff000bcb604,821,173,63,282,154,3672,118,25,7,544,6,0,0,0,2,0,0,0,0,0,bengin
a35dba28f38dd9916010fe57880e0c1fefe3e2f8e0b94df1e74e13698474cdd9,13601,218809,45642,10923,1450,22410,24836,16689,49891,14375,2,0,2,1,1,1,1,0,1,1,bengin
a44c168e9f72228d7c3fa55063a9bbcff9f993153ae3e9b5634c673346147986,2094,32445,6422,2595,2744,3577,4730,3645,5682,2096,2,0,2,0,0,0,2,0,5,0,bengin
a70b6518ea2995ddc29117417e0864f6568a1334d0bfa999be9d306677ab9251,1653,3732,1105,290,547,937,660,296,446,1079,3,0,23,33,19,0,0,0,0,33,bengin
a76a4906af66c54b970864b8c91ad84dd79cbf59bcb0c7637a1405226bfd23af,276,3602,697,349,366,279,537,244,659,247,0,0,0,0,0,0,0,0,0,0,bengin
a85b47b84a18a44ef845b59efe5e93c40f15c264f22421e56f90ffb919b78910,14018,252704,49002,15477,20297,29402,33254,21831,49792,15737,2,0,2,1,1,1,1,0,1,1,bengin
a157d1732ca5850706452363b0d5a9099084fdcaae203df675ecf66d77c36743,86467,185329,52790,7816,16923,24318,16499,9571,33591,16719,4,1,5,2,6,3,2,0,4,2,bengin
a171b502542710f680931b3c19d7338c62fec06c8dae47302627b50224816b18,872,13137,3088,1512,1501,1029,1656,1493,1853,853,0,0,0,0,2,0,0,0,0,0,bengin
a293bb5397c3e0c8bc39b25fcaa3ab6738fe89c877d1ae88434b4dd94f66bc32,2283,5247,1485,386,667,3240,925,506,657,1436,17,23,21,358,23,0,0,0,4,358,bengin
a341c056a3fec0bbb2c1d877e92c250de1c073ff3e149bf4c3c448239b8a9052,2158,1510,924,98,311,211,575,226,221,230,2,6,3,45,7,3,0,0,5,45,bengin
a854b2eb3acf8531360a2284dfbc265093f76821f00b998e4edd7a667197b751,26697,22747,8425,1649,4242,2109,4815,5720,3911,5786,19,8,195,142,62,5,169,0,19,142,bengin
a875a48a710a5964e855550415e4a9c2dd30ceec879f925153d029bd62fe0884,2220,4732,902,237,551,923,890,459,569,687,59,12,149,89,18,0,3,0,4,87,bengin
a3482c0b28640cff558e80738595b478231e42da0475cba1cfdca19d0a24ae2b,1503,3620,1016,280,535,879,642,289,410,981,60,63,310,2044,418,16,5,0,34,2042,bengin
a3720c36181cb89c981b5c49b13f01de4cae1b5f9d255af70c2d678998e05b46,2783,47432,10607,4172,4566,6709,6194,6027,9931,2798,4,0,2,2,2,2,2,2,5,2,bengin
a3733d96ebc8ac4e9dc1375948d1b956ab86636cea0092ddf4a0731d4d9e2635,2321,5330,1574,378,674,3212,933,513,680,1476,4,5,21,49,19,0,0,0,0,49,bengin
a21973cf56887aee5ac1682bda475a4820ed429ca721e08539c0804c0481836d,16547,37480,7917,2177,3254,5196,6295,3923,4895,7155,4,3,2,36,5,0,2,0,12,36,bengin
a26078eb0e84329ae426aa4a43a5119c31ea416b718b99702926ecfe6581d499,1624,855,17,1142,16,17457,628,77,53,945,59,15,561,590,740,116,30,0,17,590,bengin
a63308b3ba7b050a68af88e3a235f04f9649116af689e78840cf682b64600b95,19133,36079,7475,2145,3652,19308,5498,5773,5912,5823,5,0,2,25,9,3,0,0,4,25,bengin
a80419e36b20ea34df10598a8c406c5367eb39718f22a808878877290874861d,57544,158024,42634,5826,16170,62223,18343,11704,16042,31279,2,0,29,5,4,1,0,0,6,3,bengin
a162620d60f216127da36e8ad9bcc2d315e9b009fe97e196934983ca08055d57,1240,1498,331,109,168,392,364,151,228,335,2,5,24,32,7,0,0,0,0,32,bengin
a99519438c0d65ed31799f4df8275dacdc1d856aaea1941697453e31d1896f5c,1500,3609,1010,280,535,878,641,286,406,981,9,0,0,0,2,0,0,0,0,0,bengin
aa760c87904dfdf37ce9d8507a0cc35c7a3e47eeb50b614b1c69feeed47c8e38,13621,4659,817,6455,1291,66829,2419,850,372,9884,5,0,2,22,20,4,0,0,6,22,bengin
aa02887f0bde9b4f1cf63f478df2edf453f0a39a2f7fdcf425fbf9bcf6afc540,40596,100788,31671,3649,10671,49074,11238,7574,372,9884,5,0,2,22,20,4,0,0,6,22,bengin
aac05ec4b15af03e02ceb7fc05f4925f117e73fbab8a25e71b9b1333dd845372,23138,38370,11235,2352,4836,69477,4295,3245,12723,21908,41,18,23,200,26,0,0,0,3,200,bengin
ab328d7823f66bd99038be854de76c2e3abac5684190852982d6aa4a3c46edaa,22943,37914,11045,2401,4817,68983,4263,3144,4330,18606,45,62,659,520,450,112,12,0,31,502,bengin
ab1555c00e9542dec0220d955d0ff20626c5af863f5bf9a20ed073a96993d972,2131,1622,919,120,307,202,591,252,215,234,86,19,73,236,96,7,0,0,7,229,bengin
aba4677d2e18f842eb922fc71bbfeba2a2437978d0c291d0273bcd7d09ccd247,2180,5059,1422,370,647,3016,912,503,645,1416,19,21,90,321,142,0,1,0,2,321,bengin
ac4fa8645424946dda4d3dab5c5a690c31435c5c454032a78bdacbcb89d7538e,0,0,0,0,0,0,0,0,0,0,3721,67,746,340,48,0,5,0,23,332,bengin
ac7911011889e72d3c3dc1af5e06f9c4bff0ae1ebbfb7ee3e23be99cd467490a,46303,99926,21171,4005,7245,12024,11143,7805,15242,16241,2,0,0,0,2,0,0,0,0,0,bengin
adffa1c6b662c0c49bfb05ca9468e182a6e37dc82090b7bec30818fb3e3e7fd9,0,0,0,0,0,0,0,0,0,0,32,372,52,897,168,0,0,0,15,897,bengin
aeed0f468bae64370f34e32cd39d37f2a9ba34b9f9e9958cee75923e54e5e6fd,23095,76452,21478,1976,6849,48555,8144,3735,7430,15695,0,0,0,0,0,0,0,0,0,0,bengin
af4dd68e6919fb5106305bbe462308a97f19a80d48a128e39345f56c845f4928,18627,285607,73848,22626,26674,22127,20883,37148,46573,18489,0,0,0,0,0,0,0,0,0,0,bengin
afbd4a31668f43600fe1610bdf0c806907b23bb9d07c96219a1440abb633aa1f,233,366,110,14,30,45,52,30,62,61,35,3,39,79,26,1,0,0,5,79,bengin
b0bada7c95e177b74de9a3ef90c8601727455ec111bba591e47c8920e623a550,8433,18829,4677,900,1489,2366,2967,1466,2721,3137,152,7,176,191,439,115,0,0,14,191,bengin
b3b84fd24706dc635ae2b252f85679fc745b2c2cb974fd730f0018ec53b1d610,1653,3732,1105,290,547,937,660,296,446,1079,111,41,709,1756,1096,34,7,0,77,1756,bengin
b3e93b0fb6684fc6fc57c0409c3a0ead11ba01bb5a3c3882250c2882f1eb14b0,39190,78428,20621,3913,7016,9031,12002,8821,12931,13033,4,1,6,2,5,3,3,0,2,2,bengin
b5d6c89cf54319574c850238cb1a59214fb1b44b5e980733612d5506f20d9795,10137,18825,4661,1574,2201,2123,3629,2844,2794,4118,33,0,152,983,297,4,2,0,27,983,bengin
b7ebb6f36a61709f2d466fa4ecb414f95371d8739e82f2bb2c4cb6f3ad21b134,26697,22747,8425,1649,4242,2109,4815,5720,3911,5786,22,3,162,80,11,3,138,0,11,80,bengin
b8b47b2f082f811f6b6cecc1071cb88f1fe49f9bd92b81d1fd746cad97d53a7d,2055,1395,900,95,303,205,552,217,201,180,5,0,14,11,16,0,0,0,3,11,bengin
b8b2268a1e0d59497db3a3d63a0a0aae2cf607d96c3800017deebbbf2144d143,1658,3747,1088,279,547,937,657,298,444,1077,8,26,55,470,79,0,1,0,6,470,bengin
b9a7776364a6c4efa70d2313c2ddd9c9ed61bff9cfacab762007fe4757f56435,521,7708,1764,780,688,1070,1085,900,1145,517,2,0,2,2,0,0,2,0,3,2,bengin
b46a2ea8c7f184d5768477ca9f5e491d443af6e29e4c0f9ccae4908e5c81bc3a,1658,3747,1088,279,547,937,657,298,444,1077,5,140,23,2506,18,0,0,0,2,2506,bengin
b90ca2ac94643d7a2a748e373eebb730b543ab540dea4347e173a36a1c3090bd,6763,12156,3419,563,1152,2776,2517,1648,1517,2219,0,0,2,0,0,0,0,0,2,0,bengin
b404b0ac64edd934b31697fb6860368dc3d396271bf450a4f60ea78ccae465f3,281,3694,854,402,384,510,593,511,584,284,2,0,2,0,0,0,2,0,0,0,bengin
b505c6f982524be0d2703fe13084d985995cc57dda69bc3b5211d4aa80a4f68a,2583,1687,1100,102,357,258,598,297,276,351,2,6,3,45,6,3,0,0,5,45,bengin
b872dccf25deecd5478b0d6ee544b5287f1bac6580945b0e57e4fe234b76e405,141170,246105,68494,10081,19795,32311,29999,23053,52083,42046,1,1,2,1,1,1,1,0,1,1,bengin
b1672f7b993e9c2baa9f6ff5805e209db4e02aa5a192e6a14752d06e04f6ce6f,2030,1466,868,114,291,206,567,229,199,177,28,6,20,97,73,4,0,0,9,93,bengin
b5008a16477456390491a4dcd6e26a87738d3551ed7f9cd11c2ca44b1478b55f,3078,4449,383,1287,560,2832,1343,723,338,2365,58,12,148,89,17,0,3,0,4,87,bengin
b1137660d50707b180147941e181c6d052b691106f52e8aac8c02a6028e9ba44,2321,5330,1574,378,674,3212,933,513,680,1476,37,62,248,461,582,0,3,0,11,461,bengin
ba51d81edba70accba0b6a5e1642571028df0c6c1afe646c70071249f18601bf,4978,9119,2308,429,753,1019,1370,781,1491,2017,0,0,2,2,0,0,0,0,2,2,bengin
bb0d80f80d48ce5188a86a75b463e3a3b96a7abd22ff1f06d5ce257fa30ee20d,1632,3659,1038,290,537,893,656,296,410,1052,0,0,23,21,3,0,0,0,0,21,bengin
bb284349882f4e279a4099853a6249679a5699ea1cae5e45754a14e07517b6ba,1533,3568,841,219,298,522,709,281,610,586,0,0,0,0,0,0,0,0,0,0,bengin
bba712f52387f746b4e7fd917319ff6ee73d8c90b127d4b2a9bef06283f9e73a,76857,197260,59329,6905,19042,105113,20812,13514,22688,45058,5,0,17,22,10,1,0,0,6,22,bengin
bc3c67715d7f4ffe24739f23341fc0203c65b6b9e36d3f22a1355c57de394af2,2114,3020,1082,161,417,460,894,423,409,856,7,8,4819,156,8,0,0,0,5,156,bengin
bc13a399829ace20f52444bee343b9a89deadf4df720d09aa8f677314cda2a74,18306,55522,16476,1629,5552,45927,6194,3013,5875,13041,0,0,0,0,0,0,0,0,0,0,bengin
bc777e21895b1ed9837012a7f7f48be39ef14b653971ffbcca0d028410883d57,8929,17272,4304,1209,1918,2263,3667,2270,2508,3570,2,0,4,25,4,0,2,0,4,25,bengin
bcf63254b36ad3bbdf28913e2f1388d8e8c92ad01f0a28125e33c4e8605be3ee,82082,35025,3397,26485,4294,373630,25702,4950,1967,57747,6,0,0,0,2,0,0,0,0,0,bengin
bd14000d808f77aa420e9b55592689befb57538983311b153f205ef21bd778c2,11754,20158,4939,1484,2314,2658,4242,2930,3091,4839,2,0,8,0,9,0,2,0,6,0,bengin
bdea8e01e5b60bbef6fdbddbebd30d209216b44a0852ae62f39cea6b2b2d8b03,1533,3568,841,219,298,522,709,281,610,586,0,0,0,0,0,0,0,0,0,0,bengin
be9d548759ff70803686393f74053fa17454f1ed6cb5a423a8c7cc3fe0e1a10f,457,8234,2133,441,478,692,1180,469,1913,457,2,0,0,0,2,0,0,0,2,0,bengin
be0617a534958b7b5bf06481a6b04f09a6b483c4e624a0f5a041b0adf208406c,26697,22747,8425,1649,424,2109,4815,5720,3911,5786,2,0,10,0,1,1,9,0,3,0,bengin
bf665cffc5ad19dc7922403b38069e749cbcf75f6d3cc8faba5fa74ecb83445b,251,4176,929,244,308,278,476,576,1007,249,0,0,0,0,2,0,0,0,2,0,bengin
bf268268dbe149299e21679299122201e162fbd70ae8ca69f72937a940885be4,23116,38355,11250,2435,4872,69201,4294,3164,4376,18689,16,7,20,102,15,0,0,0,1,102,bengin
c1a9f6a9355781e52eac4e39847382bf5495ebf161061948c4d7b2d9a81c366c,151,2683,603,140,248,163,328,534,610,150,2,0,0,0,2,0,0,0,0,0,bengin
c2e0c6e6c722381d504fe6a52c0c3c2b9d18935a15a3f89823e13ad5d4cd87fe,66054,111419,8780,32326,13321,72793,35323,16633,6722,57077,6,0,0,0,2,0,0,0,0,0,bengin
c3c1a655f1b84932d06accfbfdee4bcbfa0b87c8b31c8ec69a0880f45503a44c,9490,21594,4417,816,1818,2384,2707,1798,3290,3790,0,0,0,0,0,0,0,0,0,0,bengin
c3c5493359dcdb723388e6db96dbbbee7cad43be1596e846525ec4b41c134e49,2212,1650,934,119,308,201,605,260,241,245,3,3,3,32,7,3,0,0,5,32,bengin
c3cf231a6058984a6cdda22ca9410ffd478c9a47eeb0fbd6e4c6f5bc8d84c72d,54817,125784,25736,6778,9809,24318,17156,13124,16225,17843,1,1,1,0,1,1,1,0,5,0,bengin
c7f50eb406d57297a0f698e192ce1af75048a2be7700940005c5bade06465dda,0,0,0,0,0,0,0,0,0,0,3696,89,775,233,46,0,4,0,25,225,bengin
c9aea3e2be47fb613d9b77d17399d5665b32a05bf3c0a9df812f0689c470e36e,246,195,2,196,2,2976,76,34,15,119,0,0,0,0,0,0,0,0,0,0,bengin
c25ab34d03892ca1d96562bac72c2a49bce5cb1468c104aa59cf8603a7037d25,252,4149,926,244,310,272,477,577,992,250,0,0,0,0,2,0,0,0,2,0,bengin
c080c74972cc7f2357debc7d6999297fb632cf96e01d482972e2febe639da5f1,2030,1466,868,114,291,206,567,229,199,177,17,18,22,233,66,3,0,0,7,227,bengin
c85cc6f8ff7d69d7a7af9498d7d75bc05e35fb69f34d7b50d9057608f7b73f51,0,0,0,0,0,0,0,0,0,0,2,5,23,73,14,0,0,0,2,73,bengin
c567d353e35a8d90d2a214e78313bf8c9a18e95a942715a3fd1ac944bff1296f,55419,59644,25113,3310,7238,11812,9256,8861,13623,9475,4,5,4,32,2,0,2,0,10,32,bengin
c944a45ab0a8f37efe22863ea93fd752dc9cafa8de38a59f7ca468e217d07c9b,113256,286618,23612,81152,31851,268375,85527,34307,17381,80069,0,0,0,0,0,0,0,0,0,0,bengin
c5120abfd3bb17a885ba7fb0027746b96cd0ed3b861a47ab463ef763b68703a7,2191,1574,937,97,319,201,576,238,230,245,3,3,12,11,8,3,0,0,3,11,bengin
c5931e6a27c757ebbdada01f77dfb0a3078568c8dc2d59998ee1fd82c032a30d,30964,61895,16686,3801,5206,8257,12152,7717,11340,11539,4,0,5,0,4,0,5,0,8,0,bengin
c14501f3c962b7cc6e74beb9f6c7c24a3fbef696a66716aa52b3d7ca4c917a18,47814,123928,26737,5620,13121,14520,15966,12871,21665,18973,4,0,7,0,0,2,5,0,8,0,bengin
c67193f1da0f78fb4f96b79896f66716c77da98843ddc219fd8438e7d4cb63dd,1609,244,16,484,44,4460,490,47,55,1144,6,0,0,0,2,0,0,0,0,0,bengin
c1974375733e05248053aba4629bf9f922bae0b86722b5a0483e1cea02422fc2,26697,22466,8427,1654,4260,2104,4789,5698,4348,5273,18,0,497,4,32,3,479,0,15,4,bengin
cae31d06cef8f2f2ad988b6bddbdca154733b1a2226f9b59faf609f9e09a1db5,0,0,0,0,0,0,0,0,0,0,27,51,48,712,110,0,3,0,4,712,bengin
cc3710a1d2c02bbe3781b4e62d5e52040e6fe9899043c2f149a425e06e1dde79,0,0,0,0,0,0,0,0,0,0,0,0,0,0,0,0,0,0,0,0,bengin
cc470670c3e45c4c91dabd388f8b66808da6dce86979fc1e655e350afefc7fcc,0,0,0,0,0,0,0,0,0,0,1547,7,348,95,7,0,0,0,13,86,bengin
cd1412d5998f89289e56df5dc928c24496cc70ef5287c48d12bfd928fffdf387,75,19,19,1,2,1,13,1,22,4,414,11,86,162,105,26,2,0,4,158,bengin
cd4501c85670195b20ae1e5467f40a96da4244ebc93520afe84da0f5812b1789,2583,1687,1100,102,357,258,598,297,276,351,2,3,3,9,6,3,0,0,3,9,bengin
ce9c6b10f8790d0012029d7090e0dd1fc6a82b8bb4797704f22af05aa2530970,26697,22747,8425,1649,4242,2109,4815,5720,3911,5786,22,3,162,80,11,3,138,0,11,80,bengin
ce714dd709f4cf5f88c2290a360348162be35d956d661604a3bffba19578a40b,2321,5330,1574,378,674,3212,933,513,680,1476,17,5,21,47,22,0,0,0,2,47,bengin
ceef4ae4c92671a8e6509140a52d376ce2e6cde117b4c3c5f86687c1fdc8c8ea,3628,802,57,938,32,16333,338,68,94,2867,6,0,0,0,2,0,0,0,0,0,bengin
cf1bf06ea270c2846032155b1d2c5096269dbafd84077020270273a16758251a,6308,10412,2904,846,1278,1175,1982,1765,1604,2583,6,0,2,0,0,0,2,0,6,0,bengin
cf8efbcfbb984786d638198e92efba57e7aa3a241d96f06b554145a0f3337299,48,675,180,68,92,86,120,101,181,47,0,0,0,0,0,0,0,0,0,0,bengin
d0db9183675e5ed6081a38bd964e0d71e8365c292e173a31b13c86ddef9978da,11606,25457,7670,1330,1923,2400,2126,2209,3326,3615,0,0,0,0,0,0,0,0,0,0,bengin
d0e411175eb7d60ea0c1ed83c4baf3e60722dd33b94a450289de4658d1c4a724,0,0,0,0,1,0,0,0,0,0,0,0,0,0,0,0,0,0,0,0,bengin
d1bb4074f44f295ac40a10caef4d5b60e9328c2698e878d7a2ebcebf110a0e2c,23116,38355,11250,2435,4872,69201,4294,3164,4376,18689,131,52,387,1286,660,21,5,0,53,1284,bengin
d1c3c0e703e3c2ed57c3f096ccc8e9bd5571e3aec3af0e9a189caeb875570002,2495,1944,1033,136,330,273,513,413,206,374,9,3,11,10,34,3,0,0,5,10,bengin
d2cf6c43c345134294a809271a9149955f152538694aaab1ce98a8e9b26c4631,281,3694,854,402,384,510,593,511,584,284,2,0,2,0,0,0,2,0,0,0,bengin
d4f2fba032d9286d5e554f12061b104b498b90f07ccba374468e3d85ad9b57e6,18250,48436,14580,1459,5000,39185,4084,2382,5779,11136,0,0,0,0,0,2,0,0,0,0,bengin
d4ffa4559a1e22167933772d82cf714cd4bb7a0e79511c2424e18bdb619d63a4,24221,26017,9450,1605,3218,5223,7034,2630,4063,6697,1,5,1,104,0,0,0,0,3,101,bengin
d7d644c4fce3eb9896ed4e07ce969ffc7193bbce5626ae43f20b6296e8b37d1d,2187,1559,936,96,317,217,576,237,230,243,5,6,20,54,199,3,0,0,7,54,bengin
d8bca23c95b0517ba6d034f63e33ecdfa9731149516c7c60aefd83c64ccee345,2306,5081,1585,190,618,154,513,508,895,811,0,0,0,0,2,0,0,0,0,0,bengin
d9d4d2a8381092c4e2cdb3e5ceb634d4e138c547a0479bdd563cb028bf3c1d26,2101,936,10,1304,20,14106,476,87,39,727,0,0,0,0,0,0,0,0,0,0,bengin
d9e5815f5f87af15074f8a96750d9b7e7edfff052a002d8cc5ccf4f5454a57d0,7078,13208,4164,834,1676,1900,2654,1510,2640,2473,4,0,2,0,2,0,0,0,0,0,bengin
d53b3947947acb2116f56bfd0c1bc5817a9bcde918c8d69da4ab8b1a9d375235,18482,34095,7724,2700,3743,6349,6177,4573,4549,6377,4,0,4,0,2,2,2,0,3,0,bengin
d87b9130b5dab47512ff5c10a8318765132c96073b122c26281a480d2e24163a,26697,22747,8425,1649,4242,2109,4815,5720,3911,5786,22,3,162,80,11,3,138,0,11,80,bengin
d360d1143d84debd1492af3731c7bd5be3839b4649a9edcbc8b6ea75ffa6f166,2317,5335,1574,381,674,3228,933,514,681,1479,4,7,21,108,17,0,0,0,2,108,bengin
d0384e14eaaab0ce599e436500ec89752a307206b4c99509a0b26e6f802d4804,0,0,0,0,0,0,0,0,0,0,2769,10,362,90,21,0,3,0,13,82,bengin
d993b7ded3d3911e6d6b2cffc0741ac8f216d1dde9cc5e4f8aacc54de76cafb8,2123,1442,846,128,292,226,526,233,203,154,2769,10,362,90,21,0,3,0,13,82,bengin
d3325f048adfd81937e1d90d6c8864669c8edc21630d30cc1892fd18cbe18ad5,2180,5059,1422,370,647,3016,912,503,645,1416,275,63,6526,394,10541,0,0,0,8,394,bengin
d8808f03494424dc8a6851260135a65912bc86149c5b9f0e834e1ef82aece101,5341,11086,2884,567,1003,3026,1263,1378,1584,1592,0,0,0,0,0,0,0,0,2,0,bengin
d68595c75c61431db9a9beea1ae736b4645cb9c0f0790133918b6db8c635ee98,2187,1559,936,96,317,210,576,237,230,243,3,3,12,11,8,3,0,0,3,11,bengin
d1225074aeb0fd8e565af4981c8c55784452c5fbcd2cbee843745e85fc1173fc,26599,50374,6147,20221,4624,247199,11569,6273,2078,15175,0,0,0,0,0,0,0,0,0,0,bengin
d861728744828aa09fb22a3ab47628403542edfa1a24579e76f53b74dfaf9f69,0,0,0,0,0,0,0,0,0,0,2,8,23,77,14,0,0,0,2,77,bengin
d692781526164090b0231fa298234e3eb14fa73b582a106e2d4a3a348185e3d5,8530,153846,26904,12009,14326,15303,26292,14177,30798,9088,3,0,2,1,1,1,1,0,1,1,bengin
da483e6ccf3ff6889a4585f4ebaff2e42fb7d7a928cececf17abdaf4be61de2c,2180,5059,1422,370,647,3016,912,503,645,1416,45,34,205,631,860,0,3,0,15,631,bengin
db309f9a4f70c5dc195a08fd566c5c226c254b2fd16eb981b29bae06b7b08eca,3087,7471,2170,422,1077,3019,1265,712,1027,2029,2,15,100,125,30,0,0,0,4,125,bengin
dbe44ebbc8f142389af2d4b03c5a96a575545bf73b8c2e5758206db30b6a68a8,1950,2854,109,3337,114,9662,368,86,183,1297,24,0,117,2,141,0,0,0,19,2,bengin
dc202f34bf8d1bfdd9a7a4432b23cd08308ea4a5fdf321f14e96811f27cf3cc6,77562,139540,40892,4271,12707,19616,18605,15081,28964,20254,2,0,1,1,2,0,0,0,1,1,bengin
dccfbf2024832198bee89430131a90e5adfe1c3763080a39705108b5c3735ab4,39565,12987,954,20310,809,250801,6088,2086,1159,30995,6,0,0,0,2,0,0,0,1,0,bengin
ddfbdb4d38d2915988ea815fb56a5f39d22491f6dc132fe9e73f07745ca1ad1e,2159,5030,1369,379,642,3130,908,499,639,1388,81,52,372,1419,783,9,3,0,27,1419,bengin
de6af86e669cba349e7fc1b0c97ceecaee66ec0d32c77aafd771ca7be70305e5,0,0,0,0,0,0,0,0,0,0,0,0,0,0,0,0,0,0,0,0,bengin
df6bab9b80c57dab45d6597a7640d88e8ca77332c53264fead9c752414f112ca,0,0,0,0,0,0,0,0,0,0,4,0,9,5,0,0,0,0,2,5,bengin
df368431d384937813c933736a7b53be2513ca3d0afb427fa1d467d1eef8245c,2073,3903,1472,137,353,796,484,201,603,582,0,0,0,0,2,0,0,0,0,0,bengin
e2c039f7efc63cfc0def9e563c0d202874f505070c6e6180c27e31b2895b71f1,1971,1366,861,89,295,198,528,212,183,173,7,4,118,55,306,0,2,0,5,51,bengin
e5da31f2bc4fd226632f967ad73cc6bbbd79292049d934b669b16dfa5ff5e5d6,12207,18968,6503,1379,2692,1950,3250,3069,3936,4375,4,0,2,0,2,0,2,0,6,0,bengin
e7f182e61401f8e02e34641aec5fde5f105c262c695e9c11ae1af7e6cd919651,29803,55952,17911,2182,5170,7583,6598,7049,9967,7084,2,0,0,2,2,0,0,0,2,2,bengin
e7fec3ddc826835d829327875564d9399575d06bfe01e5225aa1071b204bda9e,2212,1579,945,101,321,204,580,240,236,246,7,8,24,103,124,5,0,0,5,103,bengin
e08cf4b35e4dfb852102b6dc83a49317d0429c664019324ac0317707590b258f,3883,62848,10955,5091,11136,5906,10323,7279,10848,3933,2,0,2,0,0,0,2,0,3,0,bengin
e9c2e5013c2e2c6134f490a304780ddbcbbd2c81f651000739567960251fbb2c,2828,3229,1462,267,508,579,1039,578,769,1242,2,9,44,80,0,0,0,0,2,80,bengin
e9f9c71a4ebe8386a4e29e6cdbffba81a2f931dba9006fe78f81c0f805a44a0b,5510,5257,1989,427,811,955,1621,717,1016,1579,2,9,6,209,2,0,0,0,2,209,bengin
e17d54bccf1970ff846ce361661dfd3c20e52f031f16ff2756aa619502a60f0e,10167,22310,6557,937,2998,29952,2385,1748,2323,8019,9,0,1,0,1,0,0,0,0,0,bengin
e52e052e2a20918e8331d49d295d0ff7d88e98d8c16cf9eff1aca3fa3b53f3b3,2906,4780,1310,787,607,4697,1036,919,786,1628,2,0,2,2,0,0,2,0,0,2,bengin
e54fc253dd30e9164dbc76077ee4a9bf77c141360b42bcbb396b45af04f7ecd4,5056,83581,19530,5949,9520,8193,11309,8038,23190,5327,1,0,1,1,0,0,1,0,4,1,bengin
e70e43dfffa4e5fdf198b47f6de5a58b56e9d9a9640d9a29e1a27c72fb80879c,2220,4732,902,237,551,923,890,459,569,687,50,10,131,52,18,0,3,0,4,50,bengin
e89a374a2454e459db154bfe0a7f715c376e62ea27f74f8d6f7b82c2f77c6132,4827,30311,7720,3972,2665,49350,3388,2390,5624,3340,2,0,1,0,1,0,0,0,0,0,bengin
e302b5bf54dce571a0f995a1853f7408bd253b0df13c8941373e40a4ce2692b0,3023,4511,385,1246,537,2861,1312,721,342,2347,59,10,151,59,17,0,3,0,4,57,bengin
e835b9e4c566831e80d9afe725885143ed5f8c6393554afd9da7e0721a7ce0cb,23116,38355,11250,2435,4872,69201,4294,3164,4376,18689,138,43,821,1254,1538,22,5,6,36,1254,bengin
e39857f3e538b179c00665cf24a52f3dc21d3ae40ee953013b4954b8053ef885,99,16,6,28,3,709,15,1,4,69,6,0,0,0,2,0,0,0,0,0,bengin
e569897e1be60f6a996d1c5b1c97072f11b8969312ca917f3c487e6b2ddd5b13,5682,7862,3059,612,699,1036,1535,818,1623,1887,8,3,15,64,8,8,0,0,10,56,bengin
e9871288a865e02a2ebe374135bb33f7f54652f09983e85abb6a5ae89c8da083,263735,559276,176399,18100,52918,82656,39862,25396,97763,40539,1,0,2,1,1,1,1,0,1,1,bengin
eabd782dc33206c12d01b2f96da3ce3af2f4727b8098adcaabe0b8d1459cc156,2376,2089,1042,133,372,340,676,262,247,440,10,36,643,7,63,0,23,0,5,7,bengin
ebf0a6ca1d50f0d8b547d15bedb495cc3906137fd4597af1415cd2901f2fce1f,667,10836,3084,494,934,437,725,2081,2144,667,4,0,0,0,2,2,0,0,2,0,bengin
ec5d855c54abbfe459a81e89bc85a9c43a3477a22855d8b34b47676097c8db3e,5447,3706,1220,2218,871,19595,1692,609,242,3913,19,0,0,0,16,0,0,0,3,0,bengin
ec8b92f9d30524124a1d57999f1ea21fb58cf1905be0973300eaf170182f23ff,97,43,2,50,1,914,26,3,6,24,0,0,0,0,0,0,0,0,0,0,bengin
ed6fa143b962569bd29437195dfea00cdf67a9ecb2ba062e9123eb2b4196b8b4,421,687,218,31,87,69,104,61,150,219,0,0,0,0,0,0,0,0,0,0,bengin
ed37a2a99bd66119a921a4b5e068f25fe916c66c88588f1f59f0d5818be191e3,1653,3732,1105,290,547,937,660,296,446,1079,87,40,89,514,212,0,3,0,4,514,bengin
ee9ea311708c4ce5f9f42e4b35c3b260de1c26b65c19a3ca822f3745610ad5e5,3003,63610,7890,5236,6353,8485,10711,4745,11339,3763,2,0,0,0,0,0,0,0,2,0,bengin
ee16acc24dbff8344e7d04993f4af708e37bcb536634ed7578a427b14126e444,24800,50544,12058,3163,4913,23616,7318,7701,7640,7971,3,0,23,0,22,2,2,0,2,0,bengin
eec90cc25ccbbb121957a1161d637d077b83fb7ff1ebb377679dd23ac95c863c,357,40,5,127,5,1704,57,14,2,252,6,0,0,0,2,0,0,0,0,0,bengin
eed69515a87a0572e9d2edfeefb19104890851c71a0456a4cda88ecc1b1dfe6b,2078,32374,6275,2439,2754,3484,5055,4169,5376,2111,2,0,2,0,0,0,2,0,5,0,bengin
efc3d40f3839560905259a8b3c8a58e2eada82f324913dbdda17940bc6a40d84,0,0,0,0,0,0,0,0,0,0,8,30,87,430,150,0,1,0,5,430,bengin
f2cd4376722ebd6f76417085d566c0745f2751f2b0ce8eef5762e7adfbec5c3d,203,4567,1262,205,188,314,419,995,1390,254,0,0,0,0,2,0,0,0,0,0,bengin
f2e074572ad726f47f63ca6bbfaf2511f859736b2081d2285fa19506e1740006,669,10454,1886,653,1243,813,1282,834,1902,676,0,0,0,0,0,0,0,0,3,0,bengin
f3d6ac60eac96b49041b61a2576a322a3625480cd8dd9e9ede1d7cd4dc8ef1ad,22160,40130,11702,2198,5114,75289,4566,3399,4503,20421,23,22,81,295,147,0,0,0,1,295,bengin
f3eb7f3078fba99c31a8bb6f171b5b03428c6b0f0873f511d6f87c657ce46e65,2180,5059,1422,370,647,3016,912,503,645,1416,2,0,21,24,5,0,0,0,0,24,bengin
f7b264c20f2ff581671213838ea643d6e6d8fefe628a4f4c55ea03ec9e4287ad,75,19,19,1,2,1,13,1,22,4,251,9,67,158,72,18,0,0,4,154,bengin
f9a61524348b8f482177f8c41a69a92ad6ace26d3f53d1bdf116465dd18632ee,1020,1035,372,35,159,366,213,232,141,270,0,0,0,0,0,0,0,0,2,0,bengin
f29e460bc411255abe5a542119d07f53b552ccfc3f6652926ba6d5afd8f941c3,0,0,0,0,0,0,0,0,0,0,4,0,9,5,0,0,0,0,2,5,bengin
f46f3f8301b82ccbfab7f740384b7925d5ac506b37d9de86eb78bebbe18c4319,4972,91146,14799,4690,7007,12083,13560,18342,17146,7871,0,0,1,0,1,1,0,0,1,0,bengin
f50f47f176ebfd50986dab3c06dd7145b0f6e63355f5b7d135d027f339cb8885,786,1797,80,625,123,4816,586,187,103,507,0,0,0,0,0,0,0,0,0,0,bengin
f67c2144cafa9c7d526e0b1a81bc544e3d6cf17788a8b88dd826537db4a34e52,10393,16637,4495,1400,2025,2406,3635,2542,2889,89,5,3,122,606,323,6,3,0,7,606,bengin
f71ab8ae91faa06d43090c225f537a616809026335a054df0ffff77250239daf,0,0,0,0,0,0,0,0,0,0,48,29,45,31,0,0,4,0,0,31,bengin
f95ccf28f519e6fde684dce56224b34c213bb213c71650c2dac8be956046afc1,5975,110137,19832,6168,9796,9227,15486,10619,19530,6005,1,0,1,0,1,0,0,0,0,0,bengin
f450cefee07a366e978123213d8720a35c4cbfa1d26ece12ef2415a5375ac01e,9097,19717,5009,925,1641,2504,3300,1623,2877,3374,153,8,177,191,443,116,0,0,14,191,bengin
f806d859f2f0474e92b554ac7a66f3d74bc6a5606f605eff5b88e56861952dc9,3374,7603,1577,506,1192,1319,1813,556,815,1190,0,0,0,0,0,0,0,0,0,0,bengin
f807c3223791e98090e7829db233a9cdb0751cd13217a2bf5e4d2bc7484853da,0,0,0,0,0,0,0,0,0,0,0,0,0,0,0,0,0,0,0,0,bengin
f875d37656d49285c8710942c14d8448a6a30f48e6ccedfb9790df2098d04a7c,281,3694,854,402,384,510,593,511,584,284,2,0,2,0,0,0,2,0,0,0,bengin
f2240c4509383b16ed0de990c26c6740f92fec81c59d536aad9620dd142ee8b6,19245,333819,66986,18775,24419,35191,39813,26902,69742,21189,2,0,2,1,1,1,1,0,1,1,bengin
f7396aa752dd9df87fc917f1377f41e3bf8be9300ce8fb7b6d2dd29f0a5b468d,50016,135327,38514,4612,13170,53159,14875,9678,14376,27785,3,0,2,0,1,1,0,0,3,0,bengin
f9251afcd04cc9bcc68a6ba44fd64b27194ea884de4f5be45c73072948e69296,11243,64724,15604,6911,3052,77773,12149,3986,12551,9909,0,0,0,0,0,0,0,0,0,0,bengin
f22696f92b1e256264894cc7d87e205b285a9effd8fed30a4de3ea6431a40b5f,3215,7718,2286,430,1105,3135,1283,719,1045,2077,36,53,40,649,149,0,0,0,11,649,bengin
f270580d875c376e7ca80718623338c09635bb446890676c732c9989d326ee4c,380,5560,1196,382,511,434,618,774,1115,375,0,0,0,0,0,0,0,0,2,0,bengin
f468567c01fa90ec0a099a855e4bae5e7d73ee41e5b45aa677243d639595b5a8,2188,1556,938,98,315,207,576,235,230,242,3,6,3,45,7,3,0,0,5,45,bengin
f8560616eb9fdf931c07f01e002ba8a84a45ba20800fe9504fef97adf904b0e1,2061,309,41,755,80,8436,470,39,59,1520,6,0,0,0,2,0,0,0,0,0,bengin
f9927205cd4e7864f4e2f4025788b7626808419e6907fb48fd64f217f7fb32b4,25703,8509,858,15971,1235,160445,6407,37231,921,16482,6,0,0,0,2,0,0,0,0,0,bengin
fa973063a9f8b58ac7fafd3d69a957449faa4eb34ad8f1f2775a77392c381256,1101,4098,917,370,378,169,449,332,270,198,5,3,13,11,22,0,0,0,3,8,bengin
0cd28b912cf4d9898a6f03c4edfd73d1d90faf971ad84b28c6c254408ad7630f,2191,1324,886,131,299,200,551,147,206,309,118,7,161,5,229,145,143,88,11,5,cerber
0d56de71fd541b777edbd246e23360cbcab6bddd2ed18ac078fcf29533738a93,8081,9880,5287,2356,5607,4211,3384,1391,627,4366,7,3,0,13,104,0,0,4,12,13,cerber
0d5461dd543b8c6a71c7987d7069b8c81ad40d28d7fb31da7796f463e351020d,7650,12859,1023,2103,1198,9487,2936,1394,557,3861,2,2,0,0,2,2,0,0,2,0,cerber
1cb6e2a2526f332fe132ab8905cd4cae65a1f7ef7aa4f9bf351f7f323f3b32c9,664,2227,828,215,17,258,14,7,6,33,21,8179,12,71,70,4,2,4,11,71,cerber
1eef5d3f564b8768d3356319fb4bd081b961bfb2fd7fefce3f4dadc80ef534d4,694,2200,828,216,17,258,14,4,6,63,24,8174,12,23,73,4,2,4,11,23,cerber
1f767e658585f751002e4b3ef083ae7317628a0edb068b5c00aee13a11fc6e63,10571,10334,2703,2573,1388,3734,3105,1616,1112,5020,257,6,451,576,858,251,192,116,38,574,cerber
3a7e74f0ecf5c9b44add16fceb394def8a7789334906a710e476e7f361cd38c2,351,904,262,119,75,127,39,24,24,88,36,8,6,3,53,4,2,5,8,3,cerber
3bb5725f06379a042e81b51ef32617f5ea8e02ef2c5bab4ae602bc3bd181c972,2285,1341,924,146,309,218,574,161,219,333,124,16,591,591,575,153,166,101,20,591,cerber
3d027f93694b68a89a385c28217b35806eec19e6f9433da82a2b61eb85398019,6572,10947,2249,2624,2475,2976,2965,1603,624,5183,263,4,199,571,779,253,197,119,29,571,cerber
6b9693bfc7e7b3d26bafb65e7368c091e874fc8b05ca202076fd3ee3c2e9550a,2157,1358,886,135,299,200,551,159,206,275,124,13,624,587,571,152,164,100,21,587,cerber
7a61ca0cd624f85a02a3d168764a589593ff19ca4edb41be92f16ffb521ffad1,698,2197,828,216,17,258,14,5,6,67,22,8174,12,46,72,4,2,4,12,46,cerber
7d4feff258cc047570614cc192706671e30cfa8fb81f23356f6c2c794ca4e68c,2166,1349,886,130,299,200,551,147,206,284,124,13,640,564,569,151,161,98,21,564,cerber
8a2fb749949f4733b0825f66e880940ee5527156074d3aaaaf37ee3b7b90785d,6572,10947,2249,2624,2475,2976,2965,1603,624,5183,266,4,299,584,796,254,196,119,28,584,cerber
8b3f0b07b8b423bf8b708d06ed59f028b7c5a62f2ef8c0a108409fcd58dd791a,5430,9453,1301,2296,1162,10266,2672,1518,582,8064,257,2,368,585,845,238,108,67,38,585,cerber
9a6164b2628a14950961ff1031f5f2a77f3d5920c92174abd6802e66eb2229a9,688,2204,828,217,17,258,14,5,6,57,22,8174,12,8,72,4,2,4,11,8,cerber
9db8770e6d1f18eb98aecd9cb18e67c85baa53ba1b53e02cb12dd897f93e3ac7,5442,9441,1301,2298,1162,10266,2672,1514,582,8076,257,2,403,608,850,243,143,87,38,608,cerber
9f7966228999bbe7b3ad36e9d5c95d4b3d400e078f0046db908788d07fbd7dc6,10168,10612,2575,2690,1092,3838,3408,1881,606,4643,254,3,387,600,843,238,128,78,36,600,cerber
10c4aa6aeb88bc3da851b75a2363178aa543002233be9eb97464623f7994291d,194,505,95,51,31,161,19,5,7,112,4625,1,71,3,25,1,3,4,5,3,cerber
16e2c661b13089b38aa8f3ade233d3cdd2a8b682fc2d9e0795279f782171474d,2270,1488,1064,98,473,873,572,217,211,461,126,18,557,591,569,149,127,79,22,591,cerber
18fa8f54d2df6708c2c66ed4e3b1e465e1d7464ede7e2d76bde18bf8f620c3e4,5449,9434,1301,2298,1162,10266,2672,1515,582,8083,254,2,398,571,847,242,138,84,38,571,cerber
28b28111884badedf0870be7bef1e417b3ddea12eb06b1c431e992be39d6bf8e,695,2199,828,216,17,258,14,5,6,64,23,8174,12,11,72,4,2,4,11,11,cerber
33f51bc65501f737c3411ddc0645a26b0777c912bf6b66a62e8cf7b433d04e9b,5670,8563,1321,1505,1208,23210,1821,3114,467,4339,6272,4,69,5,11,1,1,4,4,5,cerber
47f4229f3f433d5591fa59599a2496a21030b13187c7ebf8759beec2a25c0a5d,690,2202,828,216,17,258,14,6,6,59,21,8174,12,8,72,4,2,4,11,8,cerber
52d15703f2f8c463669b05d48914d0905e2d9c2628f3d48b2f4c935b034e6f64,6571,10948,2249,2625,2475,2976,2965,1603,624,5182,266,9,238,601,796,253,205,123,30,601,cerber
60d73258ca23674507f4a882a2c49faa648975e9ed810d9a93d49e6de207b060,686,2207,828,216,17,258,14,4,6,55,2,2,0,2,0,0,0,0,2,2,cerber
60f8b6d462659f2e33e2d80ee76961e809b631b29958472be6d16304631f7b44,684,2208,828,216,17,258,14,5,6,53,29,8174,12,8,72,4,2,4,11,8,cerber
75dd3608de0296ec53cebaf935b7142265799894b4eeea2a7794a059ffc5e3e6,690,2202,828,215,17,258,14,4,6,59,30,8174,12,13,72,4,2,4,11,13,cerber
078de7d019f5f1e546aa29af7123643bd250341af71506e6256dfee8f245a2a7,23811,47259,11910,2236,4939,8402,7687,4273,9074,7159,2,0,2,0,2,0,0,0,0,0,cerber
81c85319217d31eca7968a889105cac75ef32be409978dba5bdfe47cbe8ff485,10171,10613,2575,2689,1092,3834,2408,1903,607,4646,254,0,378,591,845,237,119,73,38,591,cerber
84cbffb84b7c9ced79b511f82a15414d9202ab68479dfe44cec7b745ed12f973,23636,47033,11799,2226,4805,8460,7715,4302,8820,7157,952,0,67,0,1053,0,0,0,0,0,cerber
96e4b1a3d225d6a3a49b89d3a4a0f2095e5e667ecc2168fc91fbc1612fdfab1b,2156,1359,886,133,299,200,551,157,206,274,124,16,584,578,567,150,168,101,20,578,cerber
225ec52d18f40326301666d1914aa870b2c2c77a9891e1baffd67d34bb508c97,194,505,95,52,31,161,19,5,7,112,9377,1,71,3,25,1,3,4,5,3,cerber
331cc04171c61e3b49128146d708622058815469911fe15aad1f16a4d0ff1fe1,37438,15583,1243,3412,1510,26680,7119,2362,7624,21579,4,0,6,6,5,1,0,4,3,6,cerber
446a7327773eff4c2cbd0ded843603517e1f06ae2dcc194d0fa525de5f3d98af,2245,1381,924,156,309,218,574,161,219,293,124,16,574,578,573,152,149,92,20,578,cerber
620d00c17bff11803acd34235d44d8ef07550877a9168cf95fdd081de9ae18b2,5106,8445,1681,2407,3366,12438,3545,1411,487,4827,4,2,2,2,2,0,0,0,2,2,cerber
721b2b38e67387f73ebad1c347c8190d222034cbf6527bcfe9053dde8fcdd3cc,2072,1443,886,91,299,200,551,218,206,190,124,16,644,578,574,151,167,101,21,578,cerber
726f87f336b6d8257d564bf27f2f8fd22ee3a9a6da2e2a2103fe764a5e8af04d,2249,1377,924,144,309,218,574,158,219,297,124,16,642,578,573,150,153,182,21,578,cerber
744ac9ddf206073aa4e2b92a61bca40abe6c022d7aeee3921e7639036f23a667,189,510,95,51,31,161,19,8,7,107,9018,1,71,3,25,1,3,4,5,3,cerber
772cad26853c7d8ea8f1023f6e3cba219cc9bb1db1cd31ad2b979e59d3d9c631,23636,47033,11799,2226,4805,8460,7715,4302,8820,7157,952,0,67,0,1052,0,0,0,0,0,cerber
824ab34b2a34ccc9ef69f5fa851ba7ec87042443ecaeb6a573f43f9c944f43a4,664,2227,828,215,17,258,14,7,6,33,30,8174,12,11,72,4,2,4,11,11,cerber
0927d239277035f28b64f69428bca288a2efed9cbcf2addfe0c43cf32b7a180f,6571,10948,2249,2624,2475,2977,2965,1602,624,5182,263,7,235,597,794,254,202,122,28,597,cerber
1255ae363438f2b5cd225c2f1863bb27d337fa247d4f49328ac1d0ad3592a665,10568,10339,2702,2564,1386,3735,3105,1608,1112,5016,261,14,436,615,860,250,177,108,40,613,cerber
21043cb4d201a6a5daf06ff34f703d6e306da8ff14aaf1b0880bcd79bf5833a7,2251,1375,924,149,309,218,574,153,219,299,124,16,560,578,571,149,134,162,20,578,cerber
242181fc34195146896cf99a1d3796b89485b2fa3668122f430ac8107320948d,2240,1386,924,147,309,218,574,163,219,288,124,16,578,578,569,150,153,93,20,578,cerber
871093a0f144cdc4e6f47058f824db4bb6c3f06493c64465e8717488fcb6fd90,6571,10948,2249,2625,2475,2976,2965,1604,624,5182,270,10,207,611,793,250,174,106,28,611,cerber
679684697ee06a22c48b9ffa98fc4aa76ebec4ca1433b21ae19e0c7f8a5eeab3,1844,3890,615,690,309,7563,744,375,159,1212,8851,4,69,3,22,1,1,4,3,3,cerber
a1a1e34dbc30a46811f5b717f808908412aa6f3d6840aa526d5c0154e008558e,356,900,262,119,75,126,39,24,24,93,33,8,6,3,53,4,2,5,8,3,cerber
a3f6405a4093b2c4ae24b1c097b7b6903d4d014bb4761e30ffbf4c398e426c1a,33064,15929,1025,2691,1482,12131,3544,1512,778,4384,122,5724,609,579,529,147,141,168,21,579,cerber
a4c83fdffbf371ea337a753c609af49e62a1f8d4a41dd5914d16f7e2cbc7cb0f,10169,10615,2575,2690,1092,3834,3408,1882,607,4644,254,5,380,604,845,237,121,74,38,604,cerber
a44a932f0ae375fab03a7098806bec205b2692bd50fdb533c39c0eb94797feae,5207,9046,995,2396,1072,4399,2781,1503,586,4130,268,10,186,612,753,248,183,111,28,612,cerber
a71db9bee94bb26348cf911d8aae34e84cdf94317ce65e1bd749391125ffaade,1846,3888,615,690,309,7563,744,377,159,1214,3780,4,69,3,22,1,1,4,3,3,cerber
a387b102b68e3a206d4b6cb5f0d2100b9082746be283fbb333a1d4c3dc8272d5,348,908,262,119,75,126,39,24,24,85,29,8,6,0,46,4,2,5,6,0,cerber
a497dfdbf21b6b6a32fcc1a9bafa7066e8e66fda0875fcbc4c7080a4f8654130,172,524,95,51,31,161,19,6,7,90,10449,1,4257,3,862,1,4189,4,8,3,cerber
aba33cab56f5d74348b88cacc3db1464c0a2922633d76f445842c18aa3b3b7dd,7223,11181,793,15864,1252,50248,4109,2493,689,5785,0,0,0,0,0,0,0,0,0,0,cerber
af06022fe587fd5c32e9974b20b21b5333b5f20b0d6fda3f537ebc470e3ba685,1833,3899,615,688,309,7563,744,375,159,1201,10444,4,5145,3,1037,1,5077,4,6,3,cerber
b2f2ac6419392e3202cf057ef928104f795afb3e96747d85a62937cc6c7d8c9b,7554,8906,2684,662,915,1005,1746,1166,718,1332,262,13,1393,587,835,404,737,444,25,587,cerber
b2f644f5e3d2040ef24f9ca3a36de0c8606a00f30a0da4fbad471db7d2b2a377,4673,5822,848,1278,1067,6701,1604,1353,574,2490,62,77,1458,1778,1453,227,462,5,83,1778,cerber
b56a8326c87bb9f8aa3d277dbd99c0657dd518fbc6f142ab61276e42bf9b1973,33060,15931,1025,2694,1482,12131,3544,1512,778,4380,176,5726,3352,595,1475,638,2447,2922,27,595,cerber
b60f2abca2515ab7c447ab5b237a50c634357f7d4c9591b76c0b44829ad30460,2154,1472,924,95,309,218,574,226,219,202,3529,3,94,3,69,5,0,4,5,3,cerber
b9170a6678f62a8484ec8c75b1a0d5d3ee620154d8d8f07a7a748f45781e3116,4674,8400,1066,2403,2749,10058,3536,1403,484,3141,326,24,222,743,872,299,217,132,31,743,cerber
cbd0406e2311f9852fc7d5e836ce28886b84bf95aa9ff4b0f27beddd8c35fd6c,351,905,262,119,75,126,39,24,24,88,53,32,169,328,113,22,2,5,28,328,cerber
d98f9c981da1fa1dfba351472d8eec3ab2adf6b2b58b1c4ec42ac8204fbfb45a,2242,1384,924,143,309,218,574,166,219,290,184,16,1103,590,626,196,178,107,27,590,cerber
deb1f9d82f62df4f707e68af480ccbb365ebd65eb9606c11c08a2b610f32ff7d,37446,15574,1243,3415,1510,26680,7119,2363,7624,21587,4,0,6,6,5,1,0,4,3,6,cerber
e12a4ebbb7481c4e357853bd2613a51bfc5186cba74e2d45918c8e3d4a63d1ee,5449,9435,1301,2298,1162,10266,2672,1515,582,8083,297,5,412,601,962,283,124,76,42,601,cerber
e87a4702ca5a64b7c10f7ccd6ebc8bc454560e58dcbc78a0e74f15fc9a59cdc5,3594,5361,1254,1003,1294,6504,1329,800,448,2232,34,11,12,138,61,4,2,5,6,138,cerber
e464a735624284456d3eb1708d718c768afbf5f4ed603984bdacdc7120408765,10535,10348,2703,2569,1387,3738,3104,1612,1112,4988,297,19,750,751,1028,349,463,279,45,749,cerber
e5348cbab8d7d3b245db81c6db8bdf6102db8afd231a8b6836d985d3d0878e64,6571,10948,2249,2624,2475,2976,2965,1603,624,5182,306,10,221,620,905,292,161,99,31,620,cerber
eba0482a5b1232db451b1a745dd8e99defb9f1194b070e2f5c20eeb251296a86,23636,47033,11799,2226,4805,8460,7715,4302,8820,7157,1144,0,67,0,1242,0,0,0,0,0,cerber
eebc9333049be75082af1cb0c8ecb798bcbea50e4b0208fa97a96c71aa68dc62,5765,10362,783,2496,1485,22295,3188,1915,548,4815,0,0,0,0,0,0,0,0,0,0,cerber
eec41a3e29e670a2590f9e37a8e1640853dd92aa70e00661c9e047b61273757d,2246,1380,924,144,309,218,574,162,219,294,184,19,1074,609,626,194,148,178,27,609,cerber
eef9b5684b6e673999c963232a0635744c8853a3758b7177e81afdef71249200,691,2203,828,216,17,258,14,5,6,60,32,8197,109,246,113,6,2,4,11,246,cerber
f540851ddbe177871c4b65f11a10bc1c047253d7de4bcda89918de821eac3b8b,7554,8906,2684,662,915,1005,1746,1166,718,1332,245,13,810,575,684,269,153,94,23,575,cerber
fca593068c0edebe88c5393b04c10c717d136f7edc3749d8ecb23ab98322c7ed,10170,10614,2575,2689,1092,3834,3408,1874,607,4645,297,6,757,672,1028,349,470,283,43,672,cerber
00ab6e066a7d42b29cdf48897eed876dba2ff587d8d6709afe11237540d99a46,2566,4664,354,1562,465,1605,1661,631,378,2029,10150,0,60,0,9,0,0,0,21,0,worm
0b3910a79e3c6532b27e9a31c8f363f29f7497e6916ed6523ad85eb0439dd608,38,504,109,75,74,84,62,79,84,50,21055,0,16,5,0,0,0,0,7,5,worm
0de5c83d56cc3003bdf935546f1955dbdf3ecf15654be7db5494043eb8228857,1279,1653,147,466,234,971,599,275,129,909,442,0,54,0,15,2,0,0,22,0,worm
0fbed2671771253200452d6dde754855ef48584b1259af7724d5dbd2435e5b16,1165,1929,433,115,352,355,518,322,308,410,2,0,2,0,0,0,0,0,0,0,worm
1b1970880049fb7add914911d0201f34d87b38b2bbe92d031abe9e6e41ae208f,0,0,0,0,0,1,0,0,0,0,3878,0,97,21,0,0,0,0,3,21,worm
1e3365f172ca00ac761e75f5a4b67a1ba8e6e07041f7f9f973d8745889641896,2566,4664,354,1562,465,1605,1661,631,378,2029,9643,0,59,0,9,0,0,0,21,0,worm
1fbd06c27fa957714409d3645b502cb8f307e0d4151582a490106cb8fec6a7b9,2811,5011,400,1590,526,1965,1657,670,406,2129,0,0,0,0,0,0,0,0,0,0,worm
2dcb6a6f57afbbbabcd67b51ab3079a31aa627ce1f31dfa7e040d69016da9694,2809,5011,402,1590,526,1963,1657,670,406,2129,10165,0,59,0,9,0,0,0,21,0,worm
2dfaab5ca7baad018666ecbfca13aed27a51ff0724c6d982c102c112f7812e1d,0,0,0,0,0,0,0,0,0,0,1,0,2,21,0,0,0,0,3,21,worm
2fffa4ac7cbe22490a39b23999372cd284c46a70619cb49149bd473b77664e22,1762,3518,254,940,330,1054,1006,430,292,1343,3546,0,61,0,9,0,0,0,21,0,worm
4b5d61666bea89d6047933c5cc665c1c82c3981e196cd874a26bb16417bd092d,1900,4822,670,243,656,603,802,440,470,638,5999,0,59,0,9,0,0,0,20,0,worm
4b0613da8e477a1fb8dc07ab2d86c5e0fd0cc98c273649aebd0ecfcba98ab4a0,0,0,0,0,0,0,0,0,0,0,1,0,2,21,0,0,0,0,3,21,worm
4f9312370fbe0917f39322e7df01bd3e3366b4f2dd850efb3cc0cc89bedb3dd9,0,0,0,0,0,0,0,0,0,0,4,0,0,0,2,10,0,0,0,0,worm
4fc37d4d22434277cd43880866c3a54a5031eca8916180c115aab25362967e0d,1165,1929,433,115,352,355,518,322,308,410,10,0,10,0,0,0,0,0,0,0,worm
5aee380062db38424dd05df75f4d95d9de7dbe528833609da186f88517e521bf,14156,28483,2087,6374,3388,10962,9209,3765,1892,13858,21,3,0,20,29,0,0,5,8,20,worm
5e21c7ddd76cdb784895da6491bfa7de437805448f749dabc5937912fd0f5c9e,2422,4467,335,1448,437,1594,1536,591,364,1904,0,0,0,0,0,0,0,0,0,0,worm
6a8fc337e9c0c8b5f266626ac471e171018362cae51fa2e91b95f5b6a5683bb2,1165,1929,433,115,352,355,518,322,308,410,8,0,8,0,0,0,0,0,0,0,worm
6a193f77087b0d802fa17fcb44418ba79c30233f64b0542fb11eccebc0036c8b,2365,5615,228,1453,340,1821,1844,972,197,4610,55,0,55,0,0,0,0,0,0,0,worm
6a695877f571d043fe08d3cc715d9d4b4af85ffe837fa00ae23319d7f9a81e15,1900,4822,670,243,656,603,802,440,470,638,1801,0,35,0,9,0,0,0,20,0,worm
6b3ee2801b1d6253f139d07ae99d2485bcb32bf7c59625d9b882f68ce4045b4d,0,0,0,0,0,0,0,0,0,0,5612,0,170,25,0,0,0,0,3,25,worm
06b29c6d0e401e4f324e0bcb4e28c97d2609876b798fdc99fac386c16aba4cef,1165,1929,433,115,352,355,518,322,308,410,2,0,2,0,0,0,0,0,0,0,worm
6bdd9200a86faaf771a503f37abd71c9d9af2f836e6f58ef9700c03a29569ff5,0,0,0,0,0,0,0,0,0,0,35,0,0,0,33,34,0,0,0,0,worm
6deb550f21c1a0fe1ff53cc12cb71b187ffa95cf4151f0973f9ef423ace44546,0,0,0,0,0,0,0,0,0,0,10393,0,64,2,9,0,0,0,21,2,worm
7d8ea61dc1a7a6f84087d49a5bf0503925b07fbd8c2252c9462dad7f9b0fc52b,1900,4822,670,243,656,603,802,440,470,638,10392,0,65,2,9,0,0,0,20,2,worm
7f4a09fbe772ac6d695dbfe96905007a2d0d6bd03521362649ad245da979be6f,1900,4822,670,243,656,603,802,440,470,638,10392,0,67,2,9,0,0,0,20,2,worm
7f95c3a5fb500b64470c24a911b81cc9e3be52b56eeea4c78509ac779690ebf6,445,1043,100,204,95,346,307,173,56,387,2,0,2,0,0,0,0,0,0,0,worm
7fe454d9b37da5a0db8fa5f22d22ca7604980fb9cfcbcdffb28f62bde7963564,0,0,0,0,0,0,0,0,0,0,10393,0,63,2,9,0,0,0,21,2,worm
8b8f0f88a2756a34ea93acd9423996e47d978ed3c4525f0e90bcd256cd7a3116,0,0,0,0,0,0,0,0,0,0,10393,0,70,2,9,0,0,0,21,2,worm
8bedca4b3815297c0df4749169dab29efa33b6a4a5f92a5f31e4524da06803f4,1900,4822,670,243,656,603,802,440,470,638,10392,0,67,2,9,0,0,0,20,2,worm
8ce9500adf81b190635c4a3fae9692e8a577bbcc4ff0b7cd986f9cffe2570bb1,0,0,0,0,0,0,0,0,0,0,10393,0,66,2,9,0,0,0,21,2,worm
9c5d2098f0d9755a8e34d9dda94b97f84a6b127464c5605a3b69b5c9047a0794,1900,4822,670,243,656,603,802,440,470,638,3551,0,57,0,9,0,0,0,26,0,worm
9f2648581d1f045c5845ca0d5d647e88497067ce87367f78d98c8a5dbafe2322,1729,2476,319,717,324,1266,799,383,189,1296,1,0,1,0,0,0,0,0,0,0,worm
010dbf274d3c08e1e877df34b554d801b9376d5c4b23e8acd477e442c2fdcf68,0,0,0,0,0,0,0,0,0,0,4,0,0,0,2,28,0,0,0,0,worm
14dbb76637d3981afe4601b944a7deef712632b417ce9bf6174103bc8550e21b,2567,4652,353,1563,462,1598,1661,630,377,2030,3547,0,58,0,9,0,0,0,21,0,worm
16fa959aa9b3dac8088d9649e4037374f51f72b9a88ad5da17a618b3c5896419,38,504,109,75,74,84,62,79,84,50,7957,0,16,0,0,0,0,0,5,0,worm
27c356b73f8a367e74e99b100b9bfdaa1d379f371e3231c6352becae8c01b72d,38,504,109,75,74,84,62,79,84,50,20,0,4,0,0,0,4,0,2,0,worm
32b0c4e903f742a9b94c0ba28a19d21d5712ea6021f0ab716b396074e3e3f0b1,1900,4822,670,243,656,603,802,440,470,638,5545,0,58,0,9,0,0,0,20,0,worm
32de655f9010d8d152db16c6e5bbad215fa09286a08ff1971da5eb2b4760b3b4,1268,1650,152,474,231,992,580,276,130,912,1,0,6,0,2,2,0,0,8,0,worm
37abe389933b13559d04f9c508166be1f83c8dfab943dece5d6807ccf54ca9f7,2422,4467,335,1448,437,1594,1536,591,364,1904,3552,0,60,0,9,0,0,0,21,0,worm
63ab78284eeef949c92e03e2614172b8dc2f3452b7686530a09ac656e0d0d230,1165,1929,433,115,352,355,518,322,308,410,2,0,2,0,0,0,0,0,0,0,worm
64b2b00d8809bef246e6f28983089b48ccaadf4cd7cc8908f7ea64ad95efc95c,1754,3525,254,945,330,1051,1019,432,296,1336,10403,0,60,0,9,0,0,0,21,0,worm
84c464a593d7a178ef4b4f9beef8760eff1dc8ffddd67b48ec9ae40734c63109,1165,1929,433,115,352,355,518,322,308,410,2,0,2,0,0,0,0,0,0,0,worm
85a60c6d5f2fae5a9e28acb2364d0ed3a082a590c35077c6e045d08186fc6af9,2568,4657,353,1561,462,1597,1662,630,377,2032,8603,0,61,0,9,0,0,0,21,0,worm
85ab85ffaea7025d65006f33d0adbf30151b647697b46b52e38c7d946817982b,1165,1929,433,115,352,355,518,322,308,410,2,0,2,0,0,0,0,0,0,0,worm
85e4c200d377791fa3c64b616b26db1f25f8ad6fa6f19575fcdfc0648638dc9a,1754,3525,254,945,330,1051,1019,432,296,1336,9630,0,59,0,9,0,0,0,21,0,worm
85f508927a68283514cf3005804dfce8284f504be52835031dc11ceba062481e,0,0,0,0,0,0,0,0,0,0,1,0,2,21,0,0,0,0,3,21,worm
89d032e86a62327ff9e36762ddf285784834367fae9440e65caddbf2afcbd8ff,3207,7512,1275,299,989,1545,1759,459,634,538,26,0,2,7,5,0,0,0,6,7,worm
92ac95dbc99f59032903c6e3e8b838799474842dd0db9f84d30841e129cbe2d8,0,0,0,0,0,0,0,0,0,0,1,0,2,21,0,0,0,0,3,21,worm
92e2f4a36051dfb3f72376e9908ab33071c902ebf36d5a54e0ebc5d8c95abf36,688,1695,505,53,222,337,202,271,257,441,0,0,53,5,51,3,0,0,2,5,worm
96cf74cb111ea469aedb119c24a85689112f5e8192bd8192704af7cfcbcc327e,2566,4664,354,1562,465,1605,1661,631,378,2029,5921,0,60,0,9,0,0,0,21,0,worm
97d95577f33a8b4b3b7709dd84f1a3fb2b5f97db15489593348877bebb8e9cff,0,0,0,0,0,0,0,0,0,0,1,0,14,0,0,0,0,0,2,0,worm
156e660367310c602b4d2f986f70116208a0d4745b9734e4d4ba130a7c587514,0,0,0,0,0,0,0,0,0,0,1,0,9,0,0,0,0,0,2,0,worm
254de495ce4222b1d336e2c399412a811ad49605eebbdfc413ea0e8adb963ccb,1900,4822,670,243,656,603,802,440,470,638,5597,0,57,0,9,0,0,0,20,0,worm
285f14334d6b97c78bfb0ddaa17c011011d0fb11767f2c4482696b120c44b5d4,5893,22101,2786,492,891,1455,1833,1176,2111,2003,6369,0,503,0,8,0,0,0,25,0,worm
374ba491cf9246567ff3884c0cabcd1270b047ec82c7c2dab9084156c58fa849,1596,2525,183,733,328,1359,721,405,169,1288,53,0,53,0,0,0,0,0,0,0,worm
442b62ccd619e8cb3117efd3b281ac58f9403344d5d777cf3c3a6e5ecbd1d8f2,1754,3525,254,946,330,1049,1019,432,294,1336,7538,0,60,0,9,0,0,0,21,0,worm
0589fa4e1dcd8bf93686a6b01ea16f133fcbaa2bc791c28d162452ea24df2ef4,0,0,0,0,0,0,0,0,0,0,1,0,18,0,0,0,0,0,2,0,worm
634d0c5bde443f0f410bf0e6b35e72c2402eb01460e69d68d3297ea5145fce1f,0,0,0,0,0,0,0,0,0,0,6,0,0,0,4,34,0,0,0,0,worm
682f030fdeeaa5f1b27eadc995ef9e0fdab9455e0f788fb2b80cafee6d6c2944,2566,4664,354,1562,465,1605,1661,631,378,2029,5130,0,60,0,9,0,0,0,21,0,worm
954c114f5a8b57986eb127bc4cda0f2692a35902df137337c09106f4d8ba6935,0,0,0,0,0,0,0,0,0,0,6649,0,59,0,9,0,0,0,21,0,worm
1902b1b330880d1e626a4e3d16d995db54bc33b3c37da3c02f92209a6790d7ca,0,0,0,0,0,0,0,0,0,0,10393,0,0,0,9,0,0,0,21,2,worm
02450f54a5513dac224337207c8d6380d28e7e90f51c6d2d6f47e371207baddd,0,0,0,0,0,0,0,0,0,0,34,0,0,0,32,34,0,0,0,0,worm
3519fe0b1cc3ba4a0f314a38b854a45023d55afe0cea8dba733bf7a63f2ba876,0,0,0,0,0,0,0,0,0,0,10393,0,69,2,9,0,0,0,21,2,worm
5555ec708a20b9133fa0e7a87739b9e56ab5987554d022daff6bff3939a69b7c,0,0,0,0,0,0,0,0,0,0,10393,0,68,2,9,0,0,0,21,2,worm
6575f09f23b81642496f4a7353a035af26edd68e21bca50f569425f4e37d10d7,653,1100,91,299,128,280,359,174,79,558,2,0,2,0,0,0,0,0,0,0,worm
8079cc83f81e2ad58f69b78ddb90ab71b7b5a401b8e42329ee57bab2d9e93264,1430,638,796,859,389,14055,1361,169,12,810,2,3,2,5,4,0,0,0,0,5,worm
18075e9312dda2dee6d2a29437f01203b2fdb5db4a30626b94b0878d942dda4f,0,0,0,0,0,0,0,0,0,0,10393,0,59,2,9,0,0,0,21,2,worm
39967adb4795d34c73e75376206b9018e673cf2c9ae4ee215cdc9a3d3d649139,2786,1721,623,512,1625,13880,354,513,7,1228,0,3,5,10,4,0,0,0,0,10,worm
85997dcd2d0c1b046251a5990d219ad171d4a71a2d5795bb3b4f08ae641236cb,1165,1929,433,115,352,355,518,322,308,410,2,0,2,0,0,0,0,0,0,0,worm
1099274f6d73532d4ff607bab6f3b1d308d203ff795daaa1a092cde473565c0d,445,1043,100,204,95,346,307,173,56,387,2,0,2,0,0,0,0,0,0,0,worm
6276307b4e8fd5e482294a84981a0aaa289b4be1818cb62fd64bb6e93aeaef92,1160,2082,178,545,214,2334,595,307,121,967,0,0,0,0,294,0,0,0,0,0,worm
7944254bf11726b19134b2ebd5631b569ad37d455e53e6dd84bf9ab91af838f3,5893,22101,2786,492,891,1455,1833,1176,2111,2003,4978,0,523,0,8,0,0,0,25,0,worm
866044956ce21ed7872583342983feff0b84d2d23b5dbd11ad746dace5d5af5d,13799,9993,5775,697,1427,2028,3404,1837,3955,3380,125,0,1082,0,70,117,2,0,32,0,worm
3695089241df0fd8deac176ff7c4e9c4ab94f3702e119e6819754179ef89a3f2,0,0,0,0,0,0,0,0,0,0,1,0,2,21,0,0,0,0,3,21,worm
4948971150eea856e530ba540c28f8bd590d20c309832b332f2ecad5d3287d35,1900,4822,670,243,656,603,802,440,470,638,5069,0,60,0,9,0,0,0,20,0,worm
a02cda009a866d33453adfddbe8ffbf02dd370fa18145b162f6c70dfcf91a86a,2809,5011,402,1590,526,1963,1657,670,406,2129,5520,0,61,0,9,0,0,0,21,0,worm
aa9ca7516f954763e1f8603eb9534ee80ff3d03713d3bf3551d232df918b9136,1165,1929,433,115,352,355,518,322,308,410,2,0,2,0,0,0,0,0,0,0,worm
aaf018643793e3b23b3224e65175965db848affb685db73825eba8095d3da4c4,13847,10028,5791,698,1438,2036,3419,1844,3968,3370,85,0,938,0,80,114,2,0,32,0,worm
ab3fbbafdd39990eced40052ad352e7ffa45143e427508e1ea311dd323af8e97,0,0,0,0,0,0,0,0,0,0,0,0,0,0,0,0,0,0,0,0,worm
ad3e1dd091975eb0a9e6810bc84ede86520af32ca202a0f0f9d67a9de2e4fe37,0,0,0,0,0,0,0,0,0,0,1,0,2,21,0,0,0,0,3,21,worm
ad6560415ed6a7946bf773a09895563100a42d9f450b719276a9b302f0491999,2567,4652,353,1563,462,1598,1661,630,377,2030,4965,0,59,0,9,0,0,0,21,0,worm
ade4c62ad633e49b7ba2b4319114bade25000e412257bd83dbf8510c37731c0d,1754,3527,254,946,331,1052,1019,432,294,1336,5575,0,61,0,9,0,0,0,21,0,worm
b3fff0c18b95e15f583d8311756845e54a0e7fadccd84f174c2a17e0cf3d96df,2566,4664,354,1562,465,1605,1661,631,378,2029,7312,0,59,0,9,0,0,0,21,0,worm
b504e82e049ebbded96b7748c329b473a6c75c5246066f8eebb761892c8fcb65,2809,5011,402,1590,526,1963,1657,670,406,2129,7714,0,61,0,9,0,0,0,21,0,worm
b52565f2a6b74800c1ac34f99f2db5630f99d841a0854c1fe9ad04b6c9aa6c2a,2980,7478,1181,299,1000,1407,1390,448,622,480,26,0,2,5,5,0,0,0,8,5,worm
b9198895114cea953666dc9380e55366759f9b769f1b3a179286cd024a524519,2860,3748,426,1272,468,2328,1546,619,257,2058,8257,0,60,0,9,0,0,0,21,0,worm
bc2fd29470ceadbb7b30ef6544b7f51a27593b395b6a852566820731cedb9fc2,1165,1929,433,115,352,355,518,322,308,410,2,0,2,0,0,0,0,0,0,0,worm
bdc193ac263645fb7ff4115ca1f9426159ba92f69481ce7a95013a67e4d37d78,1754,3527,254,946,331,1052,1019,432,294,1336,9803,0,58,0,9,0,0,0,21,0,worm
be3ad277fccba836d72aa353b759fcfc7227316030e8adf58f759ab1c92857d7,1899,4818,668,243,656,608,802,440,469,639,6017,0,58,0,9,0,0,0,20,0,worm
beb904891b42954effac96a8e9bf69ffccbde0dcd9759c2a2d771e36ec2aaba7,1748,3524,254,942,330,1036,1008,432,294,1330,7417,0,59,0,9,0,0,0,21,0,worm
bffdfef964082b7ff67f048a2a6493c785343a36acbfa460cee3d0bbfcca3612,1165,1929,433,115,352,355,518,322,308,410,2,0,2,0,0,0,0,0,0,0,worm
c7a701959f50402947d7677f5f8a1a6685cada0ea4c39e36acef3953e77fe8d8,1572,1179,94,310,137,299,373,184,83,589,2,0,2,0,0,0,0,0,0,0,worm
c9c7384b5cd0bf22f6366caeb52af5e8f3d1265cbbb9d10a6c43c7afec7c8c1a,1165,1929,433,115,352,355,518,322,308,410,2,0,2,0,0,0,0,0,0,0,worm
c97a9b27281f61200bcb838d27477cbbdc999107a49e7e107a3a65fead45aed7,3095,7410,1216,309,971,1500,1730,444,565,506,26,0,2,3,5,0,0,0,2,3,worm
c218c3a72059d6d8341b4e6de732f83429eadac78b32ee9f869e470dffb4648f,0,0,0,0,0,0,0,0,0,0,1,0,2,21,0,0,0,0,3,21,worm
c337a3f0e792dc028764c092e5ef702bc2bad8918be1f65dfc0e337c4d2a4ee0,0,0,0,0,0,0,0,0,0,0,1,0,2,21,0,0,0,0,3,21,worm
c646c129049322998ab83308c0a91b0b20071b6c320d8821cb3388a97add09da,2811,5011,400,1590,526,1966,1657,670,406,2129,0,0,0,0,0,0,0,0,0,0,worm
c713b65bf0a8dfb40d818c6ae2fbcca2fbdb9a7bce1d0d68e910d7a7d313207f,2566,4664,354,1562,465,1605,1661,631,378,2029,5635,0,60,0,9,0,0,0,21,0,worm
c28596d32be68ceaa1aa4b402a920ca7d7ba5841d82408b2db6b589637253661,1748,3524,254,942,330,1036,1008,432,294,1330,5759,0,61,0,9,0,0,0,21,0,worm
ca8190deeb086253ff3c8f5cb912d47bf9efa931796eea90f27762ccea78bbe4,0,0,0,0,0,0,0,0,0,0,3164,0,71,25,0,0,0,0,3,25,worm
cab256c72b5ef98d443d5cca4ec5fb92b78d1a5bcb6d9abc1aba8d74b53db82a,38,504,109,75,74,84,62,79,84,50,21156,0,16,5,5,0,0,0,7,5,worm
cf7b7a13a4a4e00a33189f8c2dab849f45f7f47a1a100ae2f2962c1a834f7e30,38,504,109,75,74,84,62,79,84,50,21202,0,16,5,5,0,0,0,7,5,worm
d24e5895e8f3df2e34bad4c0c46805c0e3612cc14b9d80ac1df4d40e80851fec,0,0,0,0,0,0,0,0,0,0,353,0,6,0,3,2,0,0,9,0,worm
d444613332a615044b6ab335c22d2cc7ce5baa503acdc8062cc5a88d76fcb0fb,1900,4822,670,243,656,603,802,440,470,638,10392,0,66,2,9,0,0,0,20,2,worm
da0f1930d72922f0718cce669736b612f6fa418c6ea5c22736dba2db4078f49e,1900,4822,670,243,656,603,802,440,470,638,10392,0,67,2,9,0,0,0,20,2,worm
dd4c1de2eb01a22c694f096bfb69ef16d535861069fbfb48b818722ed3499ec7,1165,1929,433,115,352,355,518,322,308,410,2,0,2,0,0,0,0,0,0,0,worm
dfa8adb5781e53379264bd126ea53833e27e10318cde81ffd327c35516505a75,653,1100,91,299,128,280,359,174,79,558,2,0,2,0,0,0,0,0,0,0,worm
e3fc9be4ec1be40806dc4f1eeeb29869c2f1e591a79c936534ff7ae1b2ef6132,0,0,0,0,0,0,0,0,0,0,34,0,0,0,32,34,0,0,0,0,worm
e0437c6f6d3e378e30f529ab39121c70a088e8adb59413fca619223bd935b047,0,0,0,0,0,0,0,0,0,0,0,0,0,0,670,0,0,0,0,0,worm
e35447bdace24396281ffd4f8660c577cb0aced471b72a6900d54545e97ff8cc,38,504,109,75,74,84,62,79,84,50,21120,0,16,5,5,0,0,0,7,5,worm
eb9e6ee0e4f767b8302f392c74c4e8c69f3101d415946f270262f45362c4fd1d,1900,4822,670,243,656,603,802,440,470,638,6226,0,60,0,9,0,0,0,20,0,worm
ec5b4e3e48f85869a7b1330e699e2f23886ad017db8ae0a6b680a4035f34e149,1900,4822,670,243,656,603,802,440,470,638,5667,0,60,0,9,0,0,0,20,0,worm
eefb812faf088d155dce59eb3e37779ee00c325005fdfb2f9bc0ed5c59fc7967,1512,1179,94,310,137,299,373,184,83,589,2,0,2,0,0,0,0,0,0,0,worm
ef0fc44fc372b5b5f2e963c4d9fe62fe56bb74135695b07a1474e8faf49dd3ee,1899,4819,669,243,656,607,802,440,469,638,4476,0,50,0,9,0,0,0,20,0,worm
f2a94294e4a9bb44a8a2e2e4510cf0e3214e0e88d180c67995ee1cd6f9263549,1748,3524,254,942,330,1036,1008,432,294,1330,5723,0,60,0,9,0,0,0,21,0,worm
f6ec8bf429f1392003ce40776050155aaeaa53d725fe5a337a1c48df7da58796,1754,3527,254,946,331,1052,1019,432,294,1336,5934,0,61,0,9,0,0,0,21,0,worm
f7ac49cc29e97209cd06abc7daef5b0a5091b019b70ef5fcc2252ac805740226,1512,1179,94,310,137,299,373,184,83,589,2,0,2,0,0,0,0,0,0,0,worm
f31336a40688a849e60c276eb938e9ade281ba52a466ac2f74a9764a75c94b52,6902,21177,2786,841,891,1456,1833,842,2111,3012,5116,0,610,9,10,0,0,0,25,9,worm
fc88c402c5656a36789dd80fa1cd8fc209122da3acfcd9f766a98c4995b3f4b7,0,0,0,0,0,0,0,0,0,0,1,0,8,0,0,0,0,0,2,0,worm
